ID_Ticket,Fecha,ID_Cliente,ID_Producto,ID_Vendedor,Cantidad,Precio_Unitario,Descuento_Pct,Total_Venta
TK-10000,2025-12-14,C005,P005,V003,11,58000,0.0,638000.0
TK-10001,2025-03-08,C001,P006,V001,5,65000,0.0,325000.0
TK-10002,2025-08-28,C001,P003,V004,4,28000,0.0,112000.0
TK-10003,2025-10-27,C004,P009,V003,1,6000,0.05,5700.0
TK-10004,2025-03-23,C001,P002,V001,1,16500,0.0,16500.0
TK-10005,2025-10-02,C008,P004,V005,3,13500,0.0,40500.0
TK-10006,2025-09-01,C004,P009,V002,1,6000,0.0,6000.0
TK-10007,2025-08-20,C010,P012,V004,4,8000,0.05,30400.0
TK-10008,2025-09-04,C010,P002,V001,2,16500,0.0,33000.0
TK-10009,2025-02-28,C008,P006,V003,6,65000,0.0,390000.0
TK-10010,2025-07-21,C008,P004,V003,3,13500,0.0,40500.0
TK-10011,2025-11-26,C005,P005,V005,3,58000,0.0,174000.0
TK-10012,2025-01-15,C001,P010,V001,1,15000,0.0,15000.0
TK-10013,2025-06-23,C001,P010,V005,1,15000,0.0,15000.0
TK-10014,2025-04-29,C005,P007,V003,3,12000,0.0,36000.0
TK-10015,2025-02-17,C001,P001,V002,3,15000,0.1,40500.0
TK-10016,2025-10-07,C001,P005,V002,9,58000,0.0,522000.0
TK-10017,2025-07-18,C005,P005,V004,7,58000,0.0,406000.0
TK-10018,2025-04-17,C003,P004,V001,3,13500,0.0,40500.0
TK-10019,2025-06-10,C001,P010,V005,2,15000,0.0,30000.0
TK-10020,2025-04-01,C005,P012,V002,4,8000,0.05,30400.0
TK-10021,2025-04-15,C001,P004,V005,1,13500,0.0,13500.0
TK-10022,2025-09-06,C001,P010,V003,2,15000,0.0,30000.0
TK-10023,2025-03-07,C004,P012,V003,4,8000,0.05,30400.0
TK-10024,2025-08-23,C001,P003,V005,1,28000,0.05,26600.0
TK-10025,2025-04-19,C001,P005,V004,10,58000,0.0,580000.0
TK-10026,2025-04-26,C002,P004,V002,3,13500,0.0,40500.0
TK-10027,2025-11-15,C001,P007,V002,1,12000,0.05,11400.0
TK-10028,2025-04-25,C001,P002,V003,1,16500,0.0,16500.0
TK-10029,2025-10-10,C007,P004,V004,3,13500,0.0,40500.0
TK-10030,2025-07-29,C001,P012,V005,2,8000,0.05,15200.0
TK-10031,2025-03-16,C001,P012,V004,2,8000,0.0,16000.0
TK-10032,2025-08-06,C005,P003,V001,3,28000,0.05,79800.0
TK-10033,2025-01-03,C001,P005,V002,9,58000,0.0,522000.0
TK-10034,2025-06-19,C008,P008,V003,2,98000,0.0,196000.0
TK-10035,2025-07-04,C004,P003,V002,3,28000,0.05,79800.0
TK-10036,2025-06-13,C008,P010,V001,3,15000,0.0,45000.0
TK-10037,2025-10-16,C003,P009,V005,4,6000,0.1,21600.0
TK-10038,2025-02-13,C001,P010,V001,3,15000,0.0,45000.0
TK-10039,2025-07-29,C008,P006,V003,9,65000,0.0,585000.0
TK-10040,2025-05-13,C006,P012,V001,7,8000,0.1,50400.0
TK-10041,2025-07-24,C006,P007,V002,5,12000,0.0,60000.0
TK-10042,2025-04-23,C008,P009,V003,1,6000,0.0,6000.0
TK-10043,2025-03-29,C003,P004,V002,4,13500,0.0,54000.0
TK-10044,2025-09-24,C002,P006,V002,9,65000,0.0,585000.0
TK-10045,2025-07-27,C001,P005,V003,12,58000,0.0,696000.0
TK-10046,2025-07-02,C010,P006,V001,9,65000,0.0,585000.0
TK-10047,2025-07-05,C008,P005,V002,4,58000,0.0,232000.0
TK-10048,2025-07-18,C006,P006,V004,12,65000,0.0,780000.0
TK-10049,2025-12-15,C005,P012,V002,3,8000,0.0,24000.0
TK-10050,2025-09-01,C008,P007,V002,4,12000,0.0,48000.0
TK-10051,2025-02-22,C009,P006,V002,4,65000,0.0,260000.0
TK-10052,2025-03-23,C001,P011,V001,4,18500,0.0,74000.0
TK-10053,2025-04-03,C001,P011,V005,1,18500,0.0,18500.0
TK-10054,2025-02-28,C007,P011,V005,1,18500,0.0,18500.0
TK-10055,2025-11-29,C006,P009,V004,5,6000,0.0,30000.0
TK-10056,2025-10-19,C008,P009,V002,3,6000,0.05,17100.0
TK-10057,2025-10-29,C003,P005,V005,12,58000,0.0,696000.0
TK-10058,2025-09-21,C001,P008,V002,3,98000,0.0,294000.0
TK-10059,2025-03-06,C010,P011,V004,1,18500,0.0,18500.0
TK-10060,2025-04-27,C004,P008,V001,1,98000,0.0,98000.0
TK-10061,2025-06-04,C002,P007,V003,3,12000,0.0,36000.0
TK-10062,2025-03-21,C005,P002,V005,3,16500,0.0,49500.0
TK-10063,2025-10-19,C008,P009,V003,3,6000,0.05,17100.0
TK-10064,2025-06-06,C001,P001,V004,3,15000,0.0,45000.0
TK-10065,2025-07-23,C005,P010,V004,1,15000,0.0,15000.0
TK-10066,2025-07-23,C001,P011,V002,1,18500,0.0,18500.0
TK-10067,2025-09-19,C010,P005,V004,12,58000,0.0,696000.0
TK-10068,2025-08-11,C008,P004,V003,4,13500,0.0,54000.0
TK-10069,2025-08-30,C001,P009,V005,1,6000,0.05,5700.0
TK-10070,2025-07-07,C001,P001,V005,3,15000,0.05,42750.0
TK-10071,2025-11-25,C002,P002,V003,3,16500,0.0,49500.0
TK-10072,2025-01-30,C010,P006,V002,8,65000,0.0,520000.0
TK-10073,2025-10-13,C006,P002,V004,10,16500,0.0,165000.0
TK-10074,2025-12-25,C002,P010,V002,2,15000,0.0,30000.0
TK-10075,2025-10-07,C010,P005,V001,5,58000,0.0,290000.0
TK-10076,2025-03-14,C010,P007,V004,4,12000,0.0,48000.0
TK-10077,2025-05-30,C002,P002,V001,3,16500,0.0,49500.0
TK-10078,2025-12-24,C001,P011,V005,4,18500,0.0,74000.0
TK-10079,2025-09-11,C006,P007,V003,3,12000,0.1,32400.0
TK-10080,2025-07-21,C002,P009,V004,1,6000,0.1,5400.0
TK-10081,2025-04-17,C002,P004,V004,2,13500,0.0,27000.0
TK-10082,2025-10-27,C008,P001,V002,3,15000,0.05,42750.0
TK-10083,2025-04-09,C001,P007,V004,2,12000,0.1,21600.0
TK-10084,2025-05-29,C001,P010,V002,1,15000,0.0,15000.0
TK-10085,2025-01-03,C002,P012,V002,1,8000,0.05,7600.0
TK-10086,2025-05-19,C001,P005,V001,5,58000,0.0,290000.0
TK-10087,2025-12-15,C001,P010,V004,3,15000,0.0,45000.0
TK-10088,2025-12-10,C008,P004,V003,4,13500,0.0,54000.0
TK-10089,2025-12-30,C002,P002,V001,4,16500,0.0,66000.0
TK-10090,2025-10-02,C006,P007,V001,12,12000,0.0,144000.0
TK-10091,2025-04-30,C009,P010,V005,2,15000,0.0,30000.0
TK-10092,2025-06-30,C007,P003,V004,3,28000,0.05,79800.0
TK-10093,2025-04-05,C001,P004,V004,4,13500,0.0,54000.0
TK-10094,2025-05-30,C007,P007,V005,2,12000,0.1,21600.0
TK-10095,2025-04-05,C001,P011,V005,4,18500,0.0,74000.0
TK-10096,2025-12-15,C008,P010,V003,1,15000,0.0,15000.0
TK-10097,2025-09-01,C005,P003,V003,1,28000,0.05,26600.0
TK-10098,2025-09-18,C003,P002,V005,4,16500,0.0,66000.0
TK-10099,2025-12-03,C008,P006,V003,10,65000,0.0,650000.0
TK-10100,2025-12-15,C005,P001,V003,4,15000,0.0,60000.0
TK-10101,2025-12-26,C001,P008,V003,4,98000,0.0,392000.0
TK-10102,2025-05-24,C009,P007,V003,2,12000,0.1,21600.0
TK-10103,2025-11-27,C001,P006,V002,6,65000,0.0,390000.0
TK-10104,2025-03-18,C001,P001,V003,1,15000,0.0,15000.0
TK-10105,2025-06-20,C005,P009,V004,2,6000,0.05,11400.0
TK-10106,2025-06-15,C001,P002,V004,3,16500,0.0,49500.0
TK-10107,2025-10-23,C006,P004,V004,12,13500,0.0,162000.0
TK-10108,2025-02-23,C006,P004,V003,11,13500,0.0,148500.0
TK-10109,2025-02-02,C007,P001,V002,1,15000,0.0,15000.0
TK-10110,2025-05-30,C003,P012,V005,1,8000,0.1,7200.0
TK-10111,2025-02-06,C001,P003,V005,3,28000,0.0,84000.0
TK-10112,2025-04-03,C002,P008,V003,4,98000,0.0,392000.0
TK-10113,2025-08-03,C005,P004,V003,1,13500,0.0,13500.0
TK-10114,2025-12-04,C001,P005,V003,10,58000,0.0,580000.0
TK-10115,2025-03-06,C007,P003,V001,3,28000,0.1,75600.0
TK-10116,2025-06-23,C002,P002,V001,3,16500,0.0,49500.0
TK-10117,2025-05-20,C004,P007,V002,2,12000,0.05,22800.0
TK-10118,2025-06-29,C010,P011,V002,2,18500,0.0,37000.0
TK-10119,2025-12-14,C006,P001,V001,1,15000,0.05,14250.0
TK-10120,2025-12-28,C004,P012,V002,3,8000,0.1,21600.0
TK-10121,2025-01-04,C004,P008,V005,4,98000,0.0,392000.0
TK-10122,2025-10-22,C004,P005,V002,10,58000,0.0,580000.0
TK-10123,2025-11-24,C009,P007,V001,2,12000,0.0,24000.0
TK-10124,2025-10-25,C006,P002,V002,10,16500,0.0,165000.0
TK-10125,2025-08-19,C001,P005,V001,11,58000,0.0,638000.0
TK-10126,2025-09-01,C003,P002,V002,2,16500,0.0,33000.0
TK-10127,2025-08-24,C003,P005,V003,9,58000,0.0,522000.0
TK-10128,2025-06-27,C002,P009,V001,1,6000,0.05,5700.0
TK-10129,2025-02-10,C003,P012,V004,2,8000,0.1,14400.0
TK-10130,2025-12-02,C001,P012,V001,1,8000,0.0,8000.0
TK-10131,2025-08-18,C001,P005,V001,4,58000,0.0,232000.0
TK-10132,2025-03-04,C004,P012,V003,1,8000,0.1,7200.0
TK-10133,2025-07-12,C001,P006,V004,7,65000,0.0,455000.0
TK-10134,2025-05-08,C001,P012,V001,2,8000,0.05,15200.0
TK-10135,2025-05-23,C001,P006,V005,6,65000,0.0,390000.0
TK-10136,2025-11-17,C001,P009,V005,2,6000,0.1,10800.0
TK-10137,2025-05-17,C004,P010,V005,4,15000,0.0,60000.0
TK-10138,2025-05-27,C001,P012,V002,1,8000,0.05,7600.0
TK-10139,2025-01-08,C009,P011,V002,3,18500,0.0,55500.0
TK-10140,2025-02-08,C002,P005,V002,6,58000,0.0,348000.0
TK-10141,2025-09-06,C001,P001,V001,4,15000,0.1,54000.0
TK-10142,2025-07-14,C001,P001,V002,4,15000,0.05,57000.0
TK-10143,2025-08-29,C001,P012,V003,2,8000,0.1,14400.0
TK-10144,2025-04-13,C003,P005,V002,11,58000,0.0,638000.0
TK-10145,2025-08-31,C004,P009,V005,2,6000,0.1,10800.0
TK-10146,2025-04-02,C010,P002,V003,3,16500,0.0,49500.0
TK-10147,2025-12-11,C001,P008,V004,3,98000,0.0,294000.0
TK-10148,2025-09-16,C002,P004,V001,2,13500,0.0,27000.0
TK-10149,2025-10-06,C009,P001,V003,4,15000,0.05,57000.0
TK-10150,2025-04-25,C006,P007,V002,11,12000,0.0,132000.0
TK-10151,2025-05-10,C005,P003,V001,4,28000,0.0,112000.0
TK-10152,2025-01-03,C007,P012,V004,2,8000,0.0,16000.0
TK-10153,2025-05-26,C001,P002,V005,3,16500,0.0,49500.0
TK-10154,2025-05-27,C007,P010,V002,3,15000,0.0,45000.0
TK-10155,2025-11-25,C001,P002,V001,3,16500,0.0,49500.0
TK-10156,2025-02-07,C008,P007,V002,3,12000,0.0,36000.0
TK-10157,2025-03-30,C002,P010,V004,4,15000,0.0,60000.0
TK-10158,2025-02-21,C005,P001,V005,4,15000,0.0,60000.0
TK-10159,2025-12-30,C009,P003,V001,1,28000,0.05,26600.0
TK-10160,2025-04-06,C004,P008,V001,1,98000,0.0,98000.0
TK-10161,2025-12-24,C001,P001,V005,3,15000,0.05,42750.0
TK-10162,2025-10-15,C010,P006,V004,3,65000,0.0,195000.0
TK-10163,2025-09-04,C007,P010,V001,1,15000,0.0,15000.0
TK-10164,2025-03-12,C001,P009,V005,3,6000,0.05,17100.0
TK-10165,2025-01-26,C001,P009,V001,2,6000,0.1,10800.0
TK-10166,2025-07-26,C001,P010,V001,1,15000,0.0,15000.0
TK-10167,2025-07-01,C009,P012,V004,4,8000,0.05,30400.0
TK-10168,2025-04-30,C009,P009,V003,3,6000,0.05,17100.0
TK-10169,2025-09-06,C009,P004,V001,3,13500,0.0,40500.0
TK-10170,2025-12-19,C006,P011,V004,4,18500,0.0,74000.0
TK-10171,2025-02-14,C010,P002,V004,4,16500,0.0,66000.0
TK-10172,2025-11-17,C001,P011,V003,1,18500,0.0,18500.0
TK-10173,2025-10-10,C005,P002,V005,1,16500,0.0,16500.0
TK-10174,2025-11-06,C005,P007,V004,3,12000,0.05,34200.0
TK-10175,2025-05-08,C006,P003,V001,3,28000,0.05,79800.0
TK-10176,2025-03-18,C005,P004,V003,1,13500,0.0,13500.0
TK-10177,2025-11-23,C001,P008,V001,1,98000,0.0,98000.0
TK-10178,2025-08-29,C001,P005,V002,6,58000,0.0,348000.0
TK-10179,2025-05-20,C008,P002,V004,2,16500,0.0,33000.0
TK-10180,2025-07-20,C007,P009,V001,4,6000,0.0,24000.0
TK-10181,2025-09-30,C001,P009,V003,4,6000,0.05,22800.0
TK-10182,2025-06-12,C008,P005,V003,9,58000,0.0,522000.0
TK-10183,2025-09-18,C001,P002,V003,1,16500,0.0,16500.0
TK-10184,2025-11-27,C003,P008,V003,1,98000,0.0,98000.0
TK-10185,2025-01-18,C009,P005,V003,7,58000,0.0,406000.0
TK-10186,2025-04-03,C001,P005,V002,12,58000,0.0,696000.0
TK-10187,2025-06-23,C010,P009,V002,1,6000,0.0,6000.0
TK-10188,2025-12-01,C006,P006,V005,7,65000,0.0,455000.0
TK-10189,2025-11-05,C009,P006,V004,4,65000,0.0,260000.0
TK-10190,2025-12-19,C005,P003,V004,1,28000,0.05,26600.0
TK-10191,2025-01-15,C004,P011,V005,4,18500,0.0,74000.0
TK-10192,2025-03-29,C001,P008,V001,3,98000,0.0,294000.0
TK-10193,2025-05-03,C003,P004,V002,3,13500,0.0,40500.0
TK-10194,2025-01-04,C010,P008,V003,3,98000,0.0,294000.0
TK-10195,2025-09-08,C004,P007,V005,4,12000,0.05,45600.0
TK-10196,2025-11-25,C001,P001,V002,2,15000,0.1,27000.0
TK-10197,2025-12-23,C005,P011,V005,2,18500,0.0,37000.0
TK-10198,2025-11-25,C001,P012,V004,1,8000,0.0,8000.0
TK-10199,2025-08-19,C010,P010,V003,3,15000,0.0,45000.0
TK-10200,2025-12-26,C006,P003,V003,10,28000,0.1,252000.0
TK-10201,2025-01-21,C003,P001,V003,1,15000,0.0,15000.0
TK-10202,2025-02-26,C006,P006,V005,2,65000,0.0,130000.0
TK-10203,2025-03-24,C005,P002,V005,2,16500,0.0,33000.0
TK-10204,2025-05-06,C006,P006,V005,11,65000,0.0,715000.0
TK-10205,2025-09-09,C007,P004,V005,4,13500,0.0,54000.0
TK-10206,2025-03-30,C010,P005,V002,8,58000,0.0,464000.0
TK-10207,2025-03-29,C001,P005,V004,5,58000,0.0,290000.0
TK-10208,2025-05-29,C001,P010,V002,4,15000,0.0,60000.0
TK-10209,2025-11-11,C001,P007,V005,4,12000,0.1,43200.0
TK-10210,2025-12-26,C010,P008,V001,1,98000,0.0,98000.0
TK-10211,2025-11-05,C006,P006,V002,9,65000,0.0,585000.0
TK-10212,2025-09-21,C002,P005,V003,10,58000,0.0,580000.0
TK-10213,2025-11-26,C008,P004,V002,1,13500,0.0,13500.0
TK-10214,2025-03-21,C008,P004,V005,1,13500,0.0,13500.0
TK-10215,2025-10-15,C010,P003,V003,4,28000,0.05,106400.0
TK-10216,2025-04-15,C008,P006,V005,11,65000,0.0,715000.0
TK-10217,2025-12-29,C001,P009,V005,3,6000,0.0,18000.0
TK-10218,2025-07-04,C001,P002,V004,2,16500,0.0,33000.0
TK-10219,2025-08-19,C001,P007,V005,1,12000,0.05,11400.0
TK-10220,2025-07-19,C010,P010,V002,1,15000,0.0,15000.0
TK-10221,2025-09-07,C001,P006,V004,2,65000,0.0,130000.0
TK-10222,2025-02-13,C008,P009,V005,4,6000,0.05,22800.0
TK-10223,2025-01-13,C006,P001,V003,9,15000,0.05,128250.0
TK-10224,2025-10-09,C009,P011,V004,1,18500,0.0,18500.0
TK-10225,2025-07-07,C004,P002,V004,1,16500,0.0,16500.0
TK-10226,2025-09-10,C002,P002,V004,2,16500,0.0,33000.0
TK-10227,2025-12-08,C001,P012,V005,1,8000,0.05,7600.0
TK-10228,2025-09-22,C009,P005,V005,11,58000,0.0,638000.0
TK-10229,2025-04-19,C005,P007,V004,3,12000,0.05,34200.0
TK-10230,2025-08-24,C004,P009,V002,4,6000,0.0,24000.0
TK-10231,2025-01-30,C001,P010,V003,3,15000,0.0,45000.0
TK-10232,2025-11-23,C005,P002,V004,4,16500,0.0,66000.0
TK-10233,2025-05-24,C002,P011,V004,1,18500,0.0,18500.0
TK-10234,2025-05-08,C005,P003,V004,1,28000,0.0,28000.0
TK-10235,2025-12-10,C001,P002,V001,2,16500,0.0,33000.0
TK-10236,2025-09-19,C001,P008,V005,3,98000,0.0,294000.0
TK-10237,2025-12-29,C001,P004,V003,1,13500,0.0,13500.0
TK-10238,2025-02-05,C010,P012,V003,2,8000,0.05,15200.0
TK-10239,2025-12-11,C004,P009,V002,1,6000,0.0,6000.0
TK-10240,2025-06-01,C001,P002,V004,2,16500,0.0,33000.0
TK-10241,2025-05-04,C006,P007,V002,2,12000,0.05,22800.0
TK-10242,2025-03-06,C007,P002,V002,4,16500,0.0,66000.0
TK-10243,2025-09-05,C003,P009,V001,1,6000,0.05,5700.0
TK-10244,2025-09-17,C001,P012,V005,2,8000,0.1,14400.0
TK-10245,2025-10-10,C006,P007,V001,6,12000,0.0,72000.0
TK-10246,2025-01-06,C003,P004,V001,1,13500,0.0,13500.0
TK-10247,2025-03-22,C001,P012,V001,4,8000,0.05,30400.0
TK-10248,2025-09-19,C005,P008,V004,2,98000,0.0,196000.0
TK-10249,2025-03-10,C001,P006,V001,7,65000,0.0,455000.0
TK-10250,2025-11-19,C001,P002,V001,2,16500,0.0,33000.0
TK-10251,2025-10-02,C006,P005,V003,7,58000,0.0,406000.0
TK-10252,2025-06-23,C006,P004,V005,2,13500,0.0,27000.0
TK-10253,2025-12-17,C001,P004,V002,2,13500,0.0,27000.0
TK-10254,2025-01-06,C010,P009,V003,3,6000,0.1,16200.0
TK-10255,2025-06-07,C009,P005,V002,7,58000,0.0,406000.0
TK-10256,2025-08-09,C001,P006,V003,2,65000,0.0,130000.0
TK-10257,2025-07-25,C008,P002,V004,1,16500,0.0,16500.0
TK-10258,2025-09-17,C010,P001,V002,4,15000,0.05,57000.0
TK-10259,2025-12-13,C010,P011,V004,3,18500,0.0,55500.0
TK-10260,2025-02-25,C003,P004,V004,4,13500,0.0,54000.0
TK-10261,2025-09-08,C010,P011,V003,4,18500,0.0,74000.0
TK-10262,2025-08-06,C008,P007,V002,4,12000,0.1,43200.0
TK-10263,2025-09-21,C001,P004,V001,1,13500,0.0,13500.0
TK-10264,2025-12-27,C001,P012,V002,3,8000,0.0,24000.0
TK-10265,2025-06-09,C001,P012,V001,3,8000,0.0,24000.0
TK-10266,2025-01-19,C010,P008,V003,2,98000,0.0,196000.0
TK-10267,2025-07-13,C006,P011,V005,10,18500,0.0,185000.0
TK-10268,2025-02-13,C001,P002,V004,3,16500,0.0,49500.0
TK-10269,2025-11-10,C002,P001,V002,2,15000,0.05,28500.0
TK-10270,2025-05-29,C001,P007,V004,2,12000,0.1,21600.0
TK-10271,2025-09-02,C009,P007,V001,1,12000,0.0,12000.0
TK-10272,2025-12-31,C003,P008,V001,2,98000,0.0,196000.0
TK-10273,2025-02-03,C001,P002,V004,2,16500,0.0,33000.0
TK-10274,2025-10-19,C001,P004,V002,3,13500,0.0,40500.0
TK-10275,2025-08-21,C008,P005,V001,10,58000,0.0,580000.0
TK-10276,2025-11-07,C010,P010,V004,2,15000,0.0,30000.0
TK-10277,2025-10-09,C008,P003,V003,3,28000,0.1,75600.0
TK-10278,2025-01-20,C007,P009,V002,3,6000,0.05,17100.0
TK-10279,2025-07-15,C002,P012,V004,1,8000,0.1,7200.0
TK-10280,2025-05-09,C002,P008,V005,1,98000,0.0,98000.0
TK-10281,2025-03-25,C001,P008,V001,2,98000,0.0,196000.0
TK-10282,2025-05-18,C001,P004,V001,4,13500,0.0,54000.0
TK-10283,2025-06-30,C001,P011,V003,3,18500,0.0,55500.0
TK-10284,2025-12-11,C006,P002,V005,12,16500,0.0,198000.0
TK-10285,2025-10-02,C001,P008,V004,4,98000,0.0,392000.0
TK-10286,2025-08-22,C004,P003,V003,4,28000,0.0,112000.0
TK-10287,2025-01-16,C002,P002,V002,3,16500,0.0,49500.0
TK-10288,2025-06-25,C002,P009,V004,4,6000,0.0,24000.0
TK-10289,2025-09-10,C006,P009,V005,3,6000,0.05,17100.0
TK-10290,2025-01-10,C005,P005,V001,11,58000,0.0,638000.0
TK-10291,2025-04-15,C001,P008,V005,3,98000,0.0,294000.0
TK-10292,2025-11-22,C007,P011,V002,4,18500,0.0,74000.0
TK-10293,2025-05-05,C006,P006,V003,8,65000,0.0,520000.0
TK-10294,2025-09-12,C005,P010,V003,2,15000,0.0,30000.0
TK-10295,2025-02-15,C001,P001,V005,4,15000,0.05,57000.0
TK-10296,2025-01-30,C010,P011,V005,1,18500,0.0,18500.0
TK-10297,2025-01-20,C009,P005,V003,12,58000,0.0,696000.0
TK-10298,2025-08-09,C005,P001,V003,1,15000,0.05,14250.0
TK-10299,2025-03-02,C002,P001,V004,1,15000,0.0,15000.0
TK-10300,2025-08-28,C001,P010,V004,4,15000,0.0,60000.0
TK-10301,2025-07-26,C006,P009,V001,5,6000,0.1,27000.0
TK-10302,2025-11-12,C004,P009,V005,4,6000,0.05,22800.0
TK-10303,2025-11-30,C004,P007,V002,3,12000,0.05,34200.0
TK-10304,2025-08-28,C006,P006,V005,8,65000,0.0,520000.0
TK-10305,2025-07-13,C003,P005,V005,8,58000,0.0,464000.0
TK-10306,2025-12-21,C007,P004,V002,2,13500,0.0,27000.0
TK-10307,2025-07-01,C001,P009,V002,4,6000,0.1,21600.0
TK-10308,2025-06-09,C001,P003,V002,3,28000,0.0,84000.0
TK-10309,2025-07-05,C001,P004,V005,4,13500,0.0,54000.0
TK-10310,2025-10-19,C007,P004,V005,4,13500,0.0,54000.0
TK-10311,2025-07-27,C009,P002,V004,2,16500,0.0,33000.0
TK-10312,2025-07-20,C001,P002,V005,3,16500,0.0,49500.0
TK-10313,2025-12-19,C005,P011,V004,1,18500,0.0,18500.0
TK-10314,2025-03-20,C001,P009,V002,4,6000,0.05,22800.0
TK-10315,2025-04-19,C002,P011,V002,4,18500,0.0,74000.0
TK-10316,2025-10-22,C008,P004,V003,1,13500,0.0,13500.0
TK-10317,2025-10-07,C008,P006,V002,7,65000,0.0,455000.0
TK-10318,2025-05-31,C004,P004,V001,4,13500,0.0,54000.0
TK-10319,2025-07-31,C004,P001,V002,2,15000,0.05,28500.0
TK-10320,2025-05-20,C001,P001,V004,3,15000,0.05,42750.0
TK-10321,2025-12-28,C009,P010,V001,1,15000,0.0,15000.0
TK-10322,2025-03-16,C003,P010,V005,4,15000,0.0,60000.0
TK-10323,2025-09-28,C009,P002,V005,1,16500,0.0,16500.0
TK-10324,2025-09-02,C001,P006,V005,2,65000,0.0,130000.0
TK-10325,2025-08-16,C005,P009,V004,4,6000,0.0,24000.0
TK-10326,2025-09-06,C010,P001,V002,1,15000,0.05,14250.0
TK-10327,2025-12-30,C001,P003,V001,4,28000,0.05,106400.0
TK-10328,2025-10-27,C002,P005,V002,9,58000,0.0,522000.0
TK-10329,2025-07-03,C005,P008,V005,1,98000,0.0,98000.0
TK-10330,2025-05-25,C009,P002,V004,3,16500,0.0,49500.0
TK-10331,2025-01-05,C001,P012,V004,3,8000,0.0,24000.0
TK-10332,2025-01-03,C010,P007,V004,1,12000,0.0,12000.0
TK-10333,2025-07-08,C004,P005,V003,9,58000,0.0,522000.0
TK-10334,2025-08-27,C007,P001,V005,2,15000,0.1,27000.0
TK-10335,2025-06-16,C007,P010,V002,1,15000,0.0,15000.0
TK-10336,2025-03-09,C004,P012,V004,2,8000,0.1,14400.0
TK-10337,2025-03-21,C002,P003,V005,1,28000,0.1,25200.0
TK-10338,2025-05-25,C009,P011,V004,2,18500,0.0,37000.0
TK-10339,2025-08-18,C001,P006,V005,3,65000,0.0,195000.0
TK-10340,2025-02-26,C002,P012,V004,4,8000,0.1,28800.0
TK-10341,2025-01-26,C003,P001,V002,4,15000,0.05,57000.0
TK-10342,2025-09-06,C006,P001,V005,4,15000,0.05,57000.0
TK-10343,2025-01-29,C006,P004,V001,7,13500,0.0,94500.0
TK-10344,2025-08-10,C001,P008,V001,4,98000,0.0,392000.0
TK-10345,2025-10-08,C004,P007,V002,2,12000,0.1,21600.0
TK-10346,2025-12-14,C003,P008,V002,1,98000,0.0,98000.0
TK-10347,2025-04-08,C009,P002,V004,2,16500,0.0,33000.0
TK-10348,2025-08-08,C002,P003,V005,4,28000,0.05,106400.0
TK-10349,2025-01-30,C003,P003,V005,1,28000,0.0,28000.0
TK-10350,2025-09-14,C004,P010,V003,2,15000,0.0,30000.0
TK-10351,2025-10-14,C006,P008,V001,3,98000,0.0,294000.0
TK-10352,2025-07-14,C009,P003,V005,3,28000,0.05,79800.0
TK-10353,2025-06-13,C001,P002,V004,4,16500,0.0,66000.0
TK-10354,2025-09-20,C001,P006,V002,10,65000,0.0,650000.0
TK-10355,2025-12-13,C001,P001,V003,2,15000,0.1,27000.0
TK-10356,2025-04-03,C001,P009,V001,3,6000,0.0,18000.0
TK-10357,2025-09-28,C005,P001,V002,3,15000,0.1,40500.0
TK-10358,2025-12-30,C001,P001,V004,1,15000,0.1,13500.0
TK-10359,2025-01-12,C002,P009,V005,1,6000,0.1,5400.0
TK-10360,2025-07-30,C002,P011,V001,3,18500,0.0,55500.0
TK-10361,2025-01-16,C010,P011,V002,1,18500,0.0,18500.0
TK-10362,2025-08-30,C001,P012,V003,3,8000,0.1,21600.0
TK-10363,2025-10-09,C001,P012,V005,2,8000,0.0,16000.0
TK-10364,2025-12-28,C007,P011,V003,4,18500,0.0,74000.0
TK-10365,2025-12-12,C001,P007,V001,4,12000,0.05,45600.0
TK-10366,2025-07-28,C010,P011,V005,4,18500,0.0,74000.0
TK-10367,2025-02-21,C002,P009,V001,3,6000,0.0,18000.0
TK-10368,2025-01-30,C007,P001,V001,4,15000,0.0,60000.0
TK-10369,2025-06-05,C010,P011,V005,3,18500,0.0,55500.0
TK-10370,2025-11-22,C001,P010,V002,2,15000,0.0,30000.0
TK-10371,2025-04-09,C006,P006,V005,1,65000,0.0,65000.0
TK-10372,2025-04-03,C001,P005,V003,4,58000,0.0,232000.0
TK-10373,2025-09-21,C002,P008,V002,1,98000,0.0,98000.0
TK-10374,2025-06-24,C002,P006,V002,5,65000,0.0,325000.0
TK-10375,2025-01-07,C004,P002,V002,2,16500,0.0,33000.0
TK-10376,2025-10-17,C010,P005,V005,7,58000,0.0,406000.0
TK-10377,2025-11-22,C009,P012,V001,4,8000,0.05,30400.0
TK-10378,2025-09-04,C007,P005,V002,3,58000,0.0,174000.0
TK-10379,2025-09-11,C010,P008,V004,3,98000,0.0,294000.0
TK-10380,2025-06-10,C001,P012,V003,2,8000,0.05,15200.0
TK-10381,2025-11-25,C003,P003,V001,4,28000,0.1,100800.0
TK-10382,2025-01-25,C001,P007,V004,4,12000,0.1,43200.0
TK-10383,2025-08-29,C001,P006,V003,4,65000,0.0,260000.0
TK-10384,2025-10-21,C007,P012,V004,2,8000,0.05,15200.0
TK-10385,2025-03-07,C003,P003,V005,2,28000,0.1,50400.0
TK-10386,2025-03-31,C002,P006,V003,4,65000,0.0,260000.0
TK-10387,2025-10-12,C009,P010,V004,3,15000,0.0,45000.0
TK-10388,2025-11-05,C010,P004,V005,1,13500,0.0,13500.0
TK-10389,2025-05-08,C007,P004,V001,2,13500,0.0,27000.0
TK-10390,2025-04-11,C008,P002,V005,3,16500,0.0,49500.0
TK-10391,2025-06-29,C001,P002,V002,2,16500,0.0,33000.0
TK-10392,2025-01-30,C001,P005,V003,5,58000,0.0,290000.0
TK-10393,2025-12-01,C008,P010,V002,1,15000,0.0,15000.0
TK-10394,2025-10-15,C007,P007,V001,1,12000,0.0,12000.0
TK-10395,2025-03-24,C009,P010,V001,1,15000,0.0,15000.0
TK-10396,2025-02-23,C003,P001,V002,1,15000,0.0,15000.0
TK-10397,2025-12-27,C007,P010,V004,3,15000,0.0,45000.0
TK-10398,2025-08-14,C003,P007,V001,4,12000,0.05,45600.0
TK-10399,2025-01-21,C005,P006,V004,6,65000,0.0,390000.0
TK-10400,2025-12-15,C006,P008,V002,4,98000,0.0,392000.0
TK-10401,2025-11-05,C010,P002,V005,1,16500,0.0,16500.0
TK-10402,2025-06-05,C001,P012,V001,4,8000,0.0,32000.0
TK-10403,2025-05-08,C008,P008,V004,4,98000,0.0,392000.0
TK-10404,2025-02-09,C010,P003,V001,3,28000,0.05,79800.0
TK-10405,2025-12-09,C008,P003,V002,1,28000,0.05,26600.0
TK-10406,2025-09-25,C006,P006,V002,9,65000,0.0,585000.0
TK-10407,2025-03-11,C001,P012,V002,4,8000,0.05,30400.0
TK-10408,2025-03-08,C003,P005,V003,1,58000,0.0,58000.0
TK-10409,2025-11-14,C007,P004,V005,3,13500,0.0,40500.0
TK-10410,2025-04-28,C005,P010,V003,2,15000,0.0,30000.0
TK-10411,2025-01-28,C001,P012,V004,1,8000,0.05,7600.0
TK-10412,2025-05-31,C009,P001,V005,4,15000,0.1,54000.0
TK-10413,2025-09-02,C006,P007,V005,7,12000,0.0,84000.0
TK-10414,2025-12-25,C002,P010,V003,2,15000,0.0,30000.0
TK-10415,2025-09-20,C005,P009,V005,4,6000,0.05,22800.0
TK-10416,2025-07-22,C001,P003,V005,1,28000,0.05,26600.0
TK-10417,2025-06-18,C004,P011,V002,3,18500,0.0,55500.0
TK-10418,2025-08-20,C008,P003,V001,3,28000,0.05,79800.0
TK-10419,2025-12-26,C001,P005,V004,2,58000,0.0,116000.0
TK-10420,2025-01-12,C001,P009,V004,1,6000,0.0,6000.0
TK-10421,2025-08-04,C005,P012,V005,2,8000,0.1,14400.0
TK-10422,2025-05-16,C010,P006,V001,7,65000,0.0,455000.0
TK-10423,2025-02-18,C002,P009,V003,3,6000,0.0,18000.0
TK-10424,2025-08-22,C010,P002,V002,4,16500,0.0,66000.0
TK-10425,2025-12-04,C001,P011,V003,2,18500,0.0,37000.0
TK-10426,2025-02-26,C005,P006,V001,5,65000,0.0,325000.0
TK-10427,2025-10-22,C008,P007,V002,2,12000,0.05,22800.0
TK-10428,2025-05-19,C005,P002,V001,2,16500,0.0,33000.0
TK-10429,2025-06-23,C001,P002,V005,4,16500,0.0,66000.0
TK-10430,2025-10-15,C008,P003,V003,2,28000,0.05,53200.0
TK-10431,2025-05-16,C003,P004,V005,2,13500,0.0,27000.0
TK-10432,2025-06-03,C001,P008,V002,4,98000,0.0,392000.0
TK-10433,2025-01-19,C001,P003,V004,3,28000,0.1,75600.0
TK-10434,2025-09-25,C007,P009,V003,2,6000,0.05,11400.0
TK-10435,2025-09-28,C006,P005,V004,5,58000,0.0,290000.0
TK-10436,2025-09-16,C006,P002,V004,5,16500,0.0,82500.0
TK-10437,2025-02-28,C003,P002,V002,2,16500,0.0,33000.0
TK-10438,2025-01-20,C006,P007,V002,6,12000,0.1,64800.0
TK-10439,2025-08-10,C006,P010,V003,5,15000,0.0,75000.0
TK-10440,2025-12-25,C009,P008,V002,3,98000,0.0,294000.0
TK-10441,2025-12-21,C002,P003,V005,1,28000,0.05,26600.0
TK-10442,2025-03-06,C001,P002,V005,3,16500,0.0,49500.0
TK-10443,2025-09-08,C005,P002,V003,2,16500,0.0,33000.0
TK-10444,2025-08-13,C001,P006,V005,9,65000,0.0,585000.0
TK-10445,2025-12-19,C001,P010,V002,2,15000,0.0,30000.0
TK-10446,2025-12-27,C001,P002,V003,4,16500,0.0,66000.0
TK-10447,2025-03-05,C001,P003,V004,2,28000,0.1,50400.0
TK-10448,2025-02-19,C007,P003,V003,4,28000,0.05,106400.0
TK-10449,2025-08-09,C010,P004,V002,3,13500,0.0,40500.0
TK-10450,2025-02-03,C007,P003,V001,3,28000,0.0,84000.0
TK-10451,2025-07-03,C004,P005,V005,9,58000,0.0,522000.0
TK-10452,2025-11-15,C003,P009,V002,3,6000,0.05,17100.0
TK-10453,2025-08-21,C001,P001,V005,1,15000,0.1,13500.0
TK-10454,2025-12-02,C007,P002,V003,2,16500,0.0,33000.0
TK-10455,2025-09-22,C008,P001,V001,3,15000,0.0,45000.0
TK-10456,2025-02-20,C001,P003,V001,3,28000,0.0,84000.0
TK-10457,2025-12-26,C001,P009,V003,1,6000,0.0,6000.0
TK-10458,2025-02-02,C003,P009,V002,3,6000,0.1,16200.0
TK-10459,2025-08-12,C004,P012,V002,2,8000,0.0,16000.0
TK-10460,2025-10-16,C001,P012,V003,4,8000,0.05,30400.0
TK-10461,2025-09-20,C007,P011,V001,3,18500,0.0,55500.0
TK-10462,2025-07-12,C003,P012,V001,1,8000,0.1,7200.0
TK-10463,2025-03-29,C004,P002,V004,2,16500,0.0,33000.0
TK-10464,2025-10-07,C003,P005,V004,4,58000,0.0,232000.0
TK-10465,2025-01-15,C005,P011,V004,1,18500,0.0,18500.0
TK-10466,2025-11-04,C005,P010,V002,3,15000,0.0,45000.0
TK-10467,2025-01-19,C004,P002,V004,1,16500,0.0,16500.0
TK-10468,2025-02-24,C007,P011,V001,1,18500,0.0,18500.0
TK-10469,2025-10-31,C002,P003,V001,4,28000,0.1,100800.0
TK-10470,2025-11-12,C009,P004,V003,1,13500,0.0,13500.0
TK-10471,2025-01-01,C009,P007,V003,1,12000,0.1,10800.0
TK-10472,2025-11-29,C002,P007,V001,3,12000,0.05,34200.0
TK-10473,2025-09-14,C001,P001,V004,3,15000,0.0,45000.0
TK-10474,2025-11-27,C003,P009,V003,1,6000,0.1,5400.0
TK-10475,2025-05-24,C006,P002,V002,5,16500,0.0,82500.0
TK-10476,2025-02-06,C009,P009,V004,1,6000,0.0,6000.0
TK-10477,2025-11-23,C005,P008,V002,1,98000,0.0,98000.0
TK-10478,2025-09-24,C007,P011,V003,2,18500,0.0,37000.0
TK-10479,2025-11-18,C001,P004,V002,4,13500,0.0,54000.0
TK-10480,2025-11-02,C001,P011,V003,1,18500,0.0,18500.0
TK-10481,2025-03-15,C010,P006,V005,4,65000,0.0,260000.0
TK-10482,2025-01-21,C001,P001,V005,2,15000,0.1,27000.0
TK-10483,2025-10-03,C010,P004,V004,1,13500,0.0,13500.0
TK-10484,2025-06-20,C002,P004,V004,4,13500,0.0,54000.0
TK-10485,2025-10-15,C007,P008,V002,2,98000,0.0,196000.0
TK-10486,2025-06-12,C002,P011,V005,1,18500,0.0,18500.0
TK-10487,2025-09-17,C002,P008,V002,1,98000,0.0,98000.0
TK-10488,2025-04-13,C006,P012,V001,4,8000,0.1,28800.0
TK-10489,2025-04-07,C010,P012,V005,2,8000,0.05,15200.0
TK-10490,2025-05-25,C010,P009,V003,4,6000,0.05,22800.0
TK-10491,2025-08-19,C001,P012,V005,2,8000,0.1,14400.0
TK-10492,2025-11-01,C001,P001,V001,3,15000,0.0,45000.0
TK-10493,2025-03-28,C002,P008,V002,1,98000,0.0,98000.0
TK-10494,2025-08-31,C001,P001,V003,2,15000,0.0,30000.0
TK-10495,2025-07-05,C003,P004,V002,4,13500,0.0,54000.0
TK-10496,2025-06-20,C002,P001,V004,4,15000,0.1,54000.0
TK-10497,2025-02-18,C009,P006,V002,5,65000,0.0,325000.0
TK-10498,2025-09-16,C008,P001,V001,3,15000,0.05,42750.0
TK-10499,2025-05-30,C006,P004,V003,7,13500,0.0,94500.0
TK-10500,2025-04-19,C001,P012,V003,1,8000,0.1,7200.0
TK-10501,2025-01-18,C002,P010,V001,3,15000,0.0,45000.0
TK-10502,2025-03-19,C007,P007,V002,1,12000,0.05,11400.0
TK-10503,2025-01-11,C001,P012,V002,1,8000,0.05,7600.0
TK-10504,2025-05-15,C001,P010,V001,3,15000,0.0,45000.0
TK-10505,2025-05-29,C001,P002,V001,2,16500,0.0,33000.0
TK-10506,2025-06-14,C006,P009,V001,9,6000,0.05,51300.0
TK-10507,2025-08-23,C001,P009,V003,1,6000,0.05,5700.0
TK-10508,2025-09-18,C006,P003,V003,4,28000,0.0,112000.0
TK-10509,2025-01-04,C006,P001,V003,7,15000,0.05,99750.0
TK-10510,2025-01-22,C010,P005,V003,4,58000,0.0,232000.0
TK-10511,2025-04-02,C001,P012,V001,4,8000,0.0,32000.0
TK-10512,2025-12-09,C002,P007,V004,4,12000,0.0,48000.0
TK-10513,2025-05-22,C004,P011,V001,2,18500,0.0,37000.0
TK-10514,2025-11-23,C009,P009,V005,1,6000,0.05,5700.0
TK-10515,2025-07-12,C008,P004,V002,2,13500,0.0,27000.0
TK-10516,2025-01-21,C001,P011,V004,4,18500,0.0,74000.0
TK-10517,2025-07-30,C001,P005,V001,5,58000,0.0,290000.0
TK-10518,2025-06-02,C001,P004,V005,4,13500,0.0,54000.0
TK-10519,2025-02-02,C001,P008,V001,1,98000,0.0,98000.0
TK-10520,2025-05-31,C001,P001,V004,1,15000,0.0,15000.0
TK-10521,2025-06-12,C006,P006,V002,7,65000,0.0,455000.0
TK-10522,2025-04-21,C007,P011,V003,4,18500,0.0,74000.0
TK-10523,2025-12-24,C002,P008,V001,2,98000,0.0,196000.0
TK-10524,2025-12-16,C003,P003,V004,1,28000,0.05,26600.0
TK-10525,2025-02-17,C004,P009,V002,3,6000,0.05,17100.0
TK-10526,2025-09-06,C001,P008,V004,2,98000,0.0,196000.0
TK-10527,2025-09-23,C008,P006,V005,10,65000,0.0,650000.0
TK-10528,2025-02-04,C005,P012,V002,3,8000,0.0,24000.0
TK-10529,2025-02-10,C009,P011,V005,1,18500,0.0,18500.0
TK-10530,2025-11-27,C001,P009,V005,3,6000,0.05,17100.0
TK-10531,2025-10-10,C003,P008,V002,3,98000,0.0,294000.0
TK-10532,2025-01-21,C004,P011,V005,1,18500,0.0,18500.0
TK-10533,2025-01-06,C010,P002,V001,3,16500,0.0,49500.0
TK-10534,2025-01-19,C005,P008,V005,4,98000,0.0,392000.0
TK-10535,2025-12-30,C006,P007,V004,10,12000,0.05,114000.0
TK-10536,2025-12-13,C004,P010,V003,2,15000,0.0,30000.0
TK-10537,2025-11-19,C010,P009,V003,3,6000,0.05,17100.0
TK-10538,2025-07-23,C009,P004,V003,4,13500,0.0,54000.0
TK-10539,2025-05-15,C009,P005,V001,9,58000,0.0,522000.0
TK-10540,2025-02-15,C008,P001,V002,2,15000,0.0,30000.0
TK-10541,2025-12-15,C006,P009,V005,5,6000,0.1,27000.0
TK-10542,2025-05-30,C008,P005,V003,11,58000,0.0,638000.0
TK-10543,2025-09-10,C003,P006,V003,7,65000,0.0,455000.0
TK-10544,2025-01-29,C010,P003,V002,4,28000,0.05,106400.0
TK-10545,2025-10-15,C004,P007,V005,3,12000,0.1,32400.0
TK-10546,2025-12-29,C005,P008,V005,1,98000,0.0,98000.0
TK-10547,2025-04-14,C006,P010,V004,4,15000,0.0,60000.0
TK-10548,2025-11-30,C006,P006,V005,1,65000,0.0,65000.0
TK-10549,2025-12-30,C010,P004,V003,3,13500,0.0,40500.0
TK-10550,2025-07-22,C001,P008,V004,1,98000,0.0,98000.0
TK-10551,2025-02-18,C005,P002,V005,2,16500,0.0,33000.0
TK-10552,2025-07-12,C001,P003,V001,3,28000,0.05,79800.0
TK-10553,2025-07-19,C008,P003,V004,3,28000,0.0,84000.0
TK-10554,2025-03-26,C006,P008,V003,9,98000,0.0,882000.0
TK-10555,2025-10-03,C001,P003,V003,3,28000,0.05,79800.0
TK-10556,2025-08-17,C001,P011,V005,4,18500,0.0,74000.0
TK-10557,2025-04-26,C001,P008,V002,4,98000,0.0,392000.0
TK-10558,2025-02-12,C001,P010,V001,4,15000,0.0,60000.0
TK-10559,2025-09-19,C001,P002,V003,3,16500,0.0,49500.0
TK-10560,2025-06-02,C002,P003,V005,4,28000,0.1,100800.0
TK-10561,2025-10-11,C010,P006,V004,12,65000,0.0,780000.0
TK-10562,2025-07-18,C005,P010,V003,4,15000,0.0,60000.0
TK-10563,2025-12-27,C003,P009,V005,4,6000,0.1,21600.0
TK-10564,2025-10-04,C010,P007,V002,3,12000,0.05,34200.0
TK-10565,2025-12-23,C001,P007,V005,3,12000,0.0,36000.0
TK-10566,2025-11-19,C001,P012,V005,4,8000,0.1,28800.0
TK-10567,2025-05-16,C010,P005,V005,5,58000,0.0,290000.0
TK-10568,2025-06-23,C007,P003,V005,4,28000,0.1,100800.0
TK-10569,2025-06-02,C009,P005,V002,11,58000,0.0,638000.0
TK-10570,2025-10-01,C008,P008,V005,2,98000,0.0,196000.0
TK-10571,2025-04-08,C001,P010,V002,2,15000,0.0,30000.0
TK-10572,2025-11-25,C001,P008,V005,2,98000,0.0,196000.0
TK-10573,2025-02-10,C001,P005,V003,12,58000,0.0,696000.0
TK-10574,2025-06-20,C006,P007,V004,2,12000,0.1,21600.0
TK-10575,2025-03-22,C003,P008,V003,1,98000,0.0,98000.0
TK-10576,2025-12-20,C001,P006,V002,9,65000,0.0,585000.0
TK-10577,2025-10-11,C001,P005,V005,7,58000,0.0,406000.0
TK-10578,2025-08-14,C001,P008,V001,2,98000,0.0,196000.0
TK-10579,2025-03-21,C001,P009,V001,1,6000,0.1,5400.0
TK-10580,2025-10-11,C007,P009,V002,1,6000,0.0,6000.0
TK-10581,2025-04-14,C001,P011,V002,1,18500,0.0,18500.0
TK-10582,2025-01-05,C001,P009,V001,4,6000,0.05,22800.0
TK-10583,2025-03-17,C001,P008,V003,1,98000,0.0,98000.0
TK-10584,2025-12-09,C001,P012,V003,1,8000,0.1,7200.0
TK-10585,2025-09-01,C001,P012,V001,4,8000,0.0,32000.0
TK-10586,2025-10-04,C001,P002,V005,2,16500,0.0,33000.0
TK-10587,2025-04-07,C009,P003,V005,4,28000,0.05,106400.0
TK-10588,2025-03-19,C001,P004,V001,4,13500,0.0,54000.0
TK-10589,2025-11-25,C008,P003,V001,2,28000,0.1,50400.0
TK-10590,2025-06-26,C001,P012,V004,1,8000,0.0,8000.0
TK-10591,2025-12-27,C010,P003,V005,4,28000,0.1,100800.0
TK-10592,2025-08-30,C001,P008,V004,4,98000,0.0,392000.0
TK-10593,2025-08-23,C004,P005,V005,10,58000,0.0,580000.0
TK-10594,2025-05-29,C001,P007,V003,4,12000,0.1,43200.0
TK-10595,2025-01-03,C006,P009,V003,7,6000,0.1,37800.0
TK-10596,2025-05-24,C009,P009,V002,4,6000,0.1,21600.0
TK-10597,2025-06-20,C001,P011,V001,2,18500,0.0,37000.0
TK-10598,2025-09-03,C007,P009,V003,4,6000,0.1,21600.0
TK-10599,2025-11-05,C009,P008,V005,1,98000,0.0,98000.0
TK-10600,2025-09-24,C001,P006,V005,7,65000,0.0,455000.0
TK-10601,2025-12-23,C003,P007,V005,2,12000,0.0,24000.0
TK-10602,2025-04-19,C002,P001,V004,4,15000,0.05,57000.0
TK-10603,2025-06-21,C001,P001,V001,4,15000,0.05,57000.0
TK-10604,2025-11-15,C004,P001,V005,2,15000,0.0,30000.0
TK-10605,2025-08-19,C002,P003,V003,3,28000,0.1,75600.0
TK-10606,2025-07-22,C005,P005,V004,3,58000,0.0,174000.0
TK-10607,2025-08-25,C007,P006,V004,9,65000,0.0,585000.0
TK-10608,2025-02-08,C002,P002,V002,1,16500,0.0,16500.0
TK-10609,2025-06-07,C004,P001,V005,4,15000,0.0,60000.0
TK-10610,2025-02-28,C009,P003,V001,3,28000,0.05,79800.0
TK-10611,2025-12-29,C006,P008,V005,9,98000,0.0,882000.0
TK-10612,2025-09-22,C004,P009,V003,4,6000,0.1,21600.0
TK-10613,2025-06-24,C002,P008,V004,4,98000,0.0,392000.0
TK-10614,2025-12-04,C007,P007,V004,2,12000,0.05,22800.0
TK-10615,2025-05-05,C001,P012,V001,1,8000,0.1,7200.0
TK-10616,2025-07-09,C001,P009,V005,2,6000,0.05,11400.0
TK-10617,2025-03-17,C001,P002,V001,2,16500,0.0,33000.0
TK-10618,2025-09-02,C005,P007,V001,1,12000,0.05,11400.0
TK-10619,2025-03-19,C004,P007,V003,3,12000,0.05,34200.0
TK-10620,2025-02-28,C003,P009,V003,3,6000,0.0,18000.0
TK-10621,2025-07-24,C001,P004,V001,3,13500,0.0,40500.0
TK-10622,2025-07-18,C004,P002,V004,3,16500,0.0,49500.0
TK-10623,2025-01-14,C010,P005,V003,12,58000,0.0,696000.0
TK-10624,2025-11-27,C001,P001,V005,4,15000,0.05,57000.0
TK-10625,2025-04-22,C007,P012,V003,3,8000,0.05,22800.0
TK-10626,2025-04-25,C007,P010,V005,1,15000,0.0,15000.0
TK-10627,2025-04-21,C005,P005,V003,5,58000,0.0,290000.0
TK-10628,2025-08-18,C001,P006,V003,4,65000,0.0,260000.0
TK-10629,2025-05-26,C001,P006,V003,2,65000,0.0,130000.0
TK-10630,2025-03-16,C003,P002,V002,2,16500,0.0,33000.0
TK-10631,2025-03-07,C006,P010,V003,3,15000,0.0,45000.0
TK-10632,2025-09-13,C008,P008,V003,4,98000,0.0,392000.0
TK-10633,2025-01-14,C004,P007,V001,4,12000,0.0,48000.0
TK-10634,2025-10-12,C001,P008,V003,3,98000,0.0,294000.0
TK-10635,2025-07-01,C003,P005,V003,3,58000,0.0,174000.0
TK-10636,2025-02-07,C001,P011,V005,2,18500,0.0,37000.0
TK-10637,2025-09-18,C005,P006,V001,4,65000,0.0,260000.0
TK-10638,2025-10-04,C008,P011,V002,3,18500,0.0,55500.0
TK-10639,2025-08-08,C005,P009,V001,2,6000,0.05,11400.0
TK-10640,2025-07-27,C003,P008,V002,3,98000,0.0,294000.0
TK-10641,2025-04-01,C009,P008,V001,3,98000,0.0,294000.0
TK-10642,2025-07-31,C001,P007,V002,1,12000,0.05,11400.0
TK-10643,2025-10-09,C003,P011,V001,2,18500,0.0,37000.0
TK-10644,2025-11-26,C010,P012,V002,1,8000,0.0,8000.0
TK-10645,2025-12-02,C001,P005,V005,2,58000,0.0,116000.0
TK-10646,2025-12-05,C002,P008,V001,3,98000,0.0,294000.0
TK-10647,2025-07-21,C002,P003,V003,1,28000,0.1,25200.0
TK-10648,2025-09-15,C003,P004,V005,4,13500,0.0,54000.0
TK-10649,2025-05-31,C006,P003,V004,9,28000,0.1,226800.0
TK-10650,2025-05-19,C008,P005,V005,7,58000,0.0,406000.0
TK-10651,2025-08-19,C009,P002,V005,1,16500,0.0,16500.0
TK-10652,2025-10-28,C001,P009,V004,3,6000,0.0,18000.0
TK-10653,2025-11-14,C003,P009,V003,4,6000,0.05,22800.0
TK-10654,2025-04-09,C001,P002,V004,4,16500,0.0,66000.0
TK-10655,2025-01-21,C002,P010,V001,4,15000,0.0,60000.0
TK-10656,2025-09-21,C009,P007,V005,1,12000,0.0,12000.0
TK-10657,2025-12-02,C001,P007,V002,3,12000,0.1,32400.0
TK-10658,2025-12-04,C002,P011,V003,4,18500,0.0,74000.0
TK-10659,2025-11-10,C003,P005,V004,10,58000,0.0,580000.0
TK-10660,2025-03-29,C010,P004,V002,2,13500,0.0,27000.0
TK-10661,2025-01-07,C001,P007,V004,1,12000,0.05,11400.0
TK-10662,2025-06-15,C001,P007,V004,4,12000,0.1,43200.0
TK-10663,2025-08-18,C003,P007,V001,4,12000,0.05,45600.0
TK-10664,2025-06-27,C001,P009,V001,1,6000,0.0,6000.0
TK-10665,2025-11-06,C001,P012,V004,1,8000,0.0,8000.0
TK-10666,2025-07-02,C008,P012,V002,3,8000,0.05,22800.0
TK-10667,2025-05-17,C004,P003,V004,1,28000,0.05,26600.0
TK-10668,2025-11-24,C010,P001,V002,3,15000,0.1,40500.0
TK-10669,2025-06-08,C008,P008,V001,4,98000,0.0,392000.0
TK-10670,2025-07-17,C005,P012,V004,4,8000,0.1,28800.0
TK-10671,2025-09-17,C003,P011,V003,1,18500,0.0,18500.0
TK-10672,2025-03-27,C001,P007,V004,4,12000,0.05,45600.0
TK-10673,2025-07-24,C006,P012,V004,6,8000,0.0,48000.0
TK-10674,2025-11-09,C005,P005,V005,3,58000,0.0,174000.0
TK-10675,2025-02-10,C005,P003,V002,1,28000,0.1,25200.0
TK-10676,2025-01-07,C003,P012,V004,3,8000,0.05,22800.0
TK-10677,2025-04-28,C006,P007,V001,9,12000,0.1,97200.0
TK-10678,2025-05-02,C006,P011,V002,3,18500,0.0,55500.0
TK-10679,2025-02-21,C010,P007,V002,3,12000,0.1,32400.0
TK-10680,2025-04-29,C009,P011,V002,4,18500,0.0,74000.0
TK-10681,2025-05-24,C006,P012,V005,1,8000,0.1,7200.0
TK-10682,2025-06-27,C007,P008,V002,1,98000,0.0,98000.0
TK-10683,2025-11-29,C004,P008,V001,3,98000,0.0,294000.0
TK-10684,2025-07-19,C006,P002,V003,3,16500,0.0,49500.0
TK-10685,2025-06-30,C009,P009,V003,1,6000,0.05,5700.0
TK-10686,2025-04-28,C005,P009,V003,2,6000,0.0,12000.0
TK-10687,2025-12-18,C001,P001,V005,2,15000,0.0,30000.0
TK-10688,2025-04-17,C001,P001,V001,2,15000,0.0,30000.0
TK-10689,2025-10-16,C002,P011,V001,2,18500,0.0,37000.0
TK-10690,2025-03-09,C004,P001,V002,2,15000,0.0,30000.0
TK-10691,2025-10-03,C010,P005,V003,1,58000,0.0,58000.0
TK-10692,2025-02-24,C001,P012,V004,3,8000,0.0,24000.0
TK-10693,2025-04-03,C001,P008,V001,1,98000,0.0,98000.0
TK-10694,2025-10-19,C001,P006,V005,8,65000,0.0,520000.0
TK-10695,2025-12-11,C003,P001,V004,1,15000,0.1,13500.0
TK-10696,2025-07-29,C007,P005,V001,4,58000,0.0,232000.0
TK-10697,2025-12-13,C010,P004,V004,4,13500,0.0,54000.0
TK-10698,2025-01-23,C010,P002,V004,2,16500,0.0,33000.0
TK-10699,2025-04-06,C001,P012,V002,4,8000,0.05,30400.0
TK-10700,2025-11-29,C002,P008,V001,4,98000,0.0,392000.0
TK-10701,2025-12-26,C007,P010,V004,3,15000,0.0,45000.0
TK-10702,2025-04-12,C002,P011,V004,1,18500,0.0,18500.0
TK-10703,2025-01-15,C001,P002,V003,3,16500,0.0,49500.0
TK-10704,2025-02-02,C001,P003,V002,1,28000,0.0,28000.0
TK-10705,2025-04-25,C005,P005,V003,11,58000,0.0,638000.0
TK-10706,2025-10-15,C006,P011,V002,1,18500,0.0,18500.0
TK-10707,2025-04-11,C010,P007,V001,2,12000,0.1,21600.0
TK-10708,2025-05-21,C004,P008,V005,1,98000,0.0,98000.0
TK-10709,2025-12-25,C008,P003,V002,3,28000,0.1,75600.0
TK-10710,2025-02-06,C006,P007,V005,1,12000,0.05,11400.0
TK-10711,2025-11-20,C008,P004,V001,1,13500,0.0,13500.0
TK-10712,2025-01-29,C001,P009,V004,1,6000,0.1,5400.0
TK-10713,2025-03-10,C010,P011,V003,4,18500,0.0,74000.0
TK-10714,2025-04-12,C005,P012,V001,2,8000,0.0,16000.0
TK-10715,2025-04-29,C008,P006,V001,7,65000,0.0,455000.0
TK-10716,2025-12-09,C001,P003,V005,2,28000,0.1,50400.0
TK-10717,2025-04-11,C001,P008,V002,4,98000,0.0,392000.0
TK-10718,2025-12-28,C009,P010,V001,3,15000,0.0,45000.0
TK-10719,2025-01-27,C001,P006,V005,6,65000,0.0,390000.0
TK-10720,2025-12-15,C003,P006,V002,12,65000,0.0,780000.0
TK-10721,2025-03-02,C002,P004,V002,1,13500,0.0,13500.0
TK-10722,2025-06-24,C002,P010,V005,4,15000,0.0,60000.0
TK-10723,2025-09-20,C010,P007,V005,1,12000,0.05,11400.0
TK-10724,2025-07-28,C001,P012,V005,3,8000,0.1,21600.0
TK-10725,2025-08-14,C001,P008,V005,3,98000,0.0,294000.0
TK-10726,2025-11-17,C001,P012,V003,3,8000,0.1,21600.0
TK-10727,2025-12-29,C006,P009,V004,12,6000,0.1,64800.0
TK-10728,2025-12-19,C009,P009,V004,4,6000,0.05,22800.0
TK-10729,2025-01-02,C007,P008,V002,4,98000,0.0,392000.0
TK-10730,2025-04-13,C008,P009,V004,4,6000,0.0,24000.0
TK-10731,2025-09-19,C009,P006,V004,2,65000,0.0,130000.0
TK-10732,2025-08-05,C007,P005,V005,7,58000,0.0,406000.0
TK-10733,2025-02-15,C001,P011,V001,2,18500,0.0,37000.0
TK-10734,2025-09-30,C001,P009,V003,4,6000,0.1,21600.0
TK-10735,2025-07-29,C007,P009,V002,1,6000,0.1,5400.0
TK-10736,2025-01-14,C009,P002,V005,1,16500,0.0,16500.0
TK-10737,2025-09-01,C001,P010,V003,1,15000,0.0,15000.0
TK-10738,2025-09-06,C004,P008,V001,4,98000,0.0,392000.0
TK-10739,2025-02-23,C008,P002,V003,3,16500,0.0,49500.0
TK-10740,2025-11-11,C001,P004,V004,2,13500,0.0,27000.0
TK-10741,2025-02-14,C007,P011,V002,2,18500,0.0,37000.0
TK-10742,2025-05-29,C009,P003,V002,1,28000,0.05,26600.0
TK-10743,2025-10-17,C008,P001,V003,3,15000,0.1,40500.0
TK-10744,2025-05-03,C001,P005,V005,8,58000,0.0,464000.0
TK-10745,2025-12-07,C008,P011,V001,4,18500,0.0,74000.0
TK-10746,2025-03-19,C009,P005,V001,1,58000,0.0,58000.0
TK-10747,2025-10-10,C008,P011,V003,1,18500,0.0,18500.0
TK-10748,2025-01-23,C002,P001,V002,2,15000,0.1,27000.0
TK-10749,2025-04-25,C010,P010,V001,2,15000,0.0,30000.0
TK-10750,2025-03-17,C009,P008,V001,4,98000,0.0,392000.0
TK-10751,2025-02-24,C009,P011,V002,2,18500,0.0,37000.0
TK-10752,2025-06-11,C004,P009,V001,2,6000,0.1,10800.0
TK-10753,2025-12-12,C005,P008,V004,3,98000,0.0,294000.0
TK-10754,2025-12-16,C010,P008,V003,2,98000,0.0,196000.0
TK-10755,2025-12-08,C007,P006,V002,2,65000,0.0,130000.0
TK-10756,2025-10-25,C001,P010,V004,4,15000,0.0,60000.0
TK-10757,2025-04-09,C006,P002,V004,3,16500,0.0,49500.0
TK-10758,2025-03-29,C010,P009,V005,3,6000,0.1,16200.0
TK-10759,2025-12-03,C010,P001,V004,3,15000,0.1,40500.0
TK-10760,2025-09-22,C002,P006,V003,10,65000,0.0,650000.0
TK-10761,2025-02-06,C001,P007,V004,4,12000,0.0,48000.0
TK-10762,2025-01-24,C006,P011,V005,11,18500,0.0,203500.0
TK-10763,2025-04-20,C002,P007,V005,2,12000,0.0,24000.0
TK-10764,2025-01-19,C001,P008,V001,3,98000,0.0,294000.0
TK-10765,2025-06-14,C004,P006,V004,6,65000,0.0,390000.0
TK-10766,2025-10-04,C004,P011,V001,1,18500,0.0,18500.0
TK-10767,2025-03-07,C001,P002,V002,1,16500,0.0,16500.0
TK-10768,2025-10-18,C005,P011,V001,3,18500,0.0,55500.0
TK-10769,2025-08-06,C003,P006,V001,3,65000,0.0,195000.0
TK-10770,2025-02-04,C004,P006,V004,12,65000,0.0,780000.0
TK-10771,2025-04-04,C007,P004,V004,1,13500,0.0,13500.0
TK-10772,2025-01-23,C005,P004,V002,4,13500,0.0,54000.0
TK-10773,2025-05-26,C007,P009,V004,3,6000,0.1,16200.0
TK-10774,2025-04-02,C009,P003,V004,3,28000,0.05,79800.0
TK-10775,2025-12-03,C002,P004,V003,2,13500,0.0,27000.0
TK-10776,2025-09-20,C004,P004,V001,4,13500,0.0,54000.0
TK-10777,2025-06-13,C002,P008,V003,3,98000,0.0,294000.0
TK-10778,2025-07-30,C010,P006,V002,11,65000,0.0,715000.0
TK-10779,2025-01-13,C007,P002,V005,4,16500,0.0,66000.0
TK-10780,2025-06-09,C001,P008,V003,3,98000,0.0,294000.0
TK-10781,2025-10-24,C005,P008,V005,4,98000,0.0,392000.0
TK-10782,2025-06-27,C001,P008,V002,4,98000,0.0,392000.0
TK-10783,2025-06-04,C010,P008,V005,2,98000,0.0,196000.0
TK-10784,2025-02-17,C004,P006,V003,11,65000,0.0,715000.0
TK-10785,2025-02-03,C009,P008,V001,1,98000,0.0,98000.0
TK-10786,2025-06-12,C007,P007,V002,1,12000,0.1,10800.0
TK-10787,2025-04-21,C007,P009,V001,1,6000,0.1,5400.0
TK-10788,2025-10-14,C003,P012,V003,4,8000,0.0,32000.0
TK-10789,2025-01-26,C005,P011,V005,2,18500,0.0,37000.0
TK-10790,2025-12-05,C007,P007,V005,2,12000,0.1,21600.0
TK-10791,2025-05-05,C006,P007,V005,7,12000,0.0,84000.0
TK-10792,2025-04-11,C003,P002,V003,4,16500,0.0,66000.0
TK-10793,2025-10-03,C004,P007,V004,3,12000,0.0,36000.0
TK-10794,2025-07-11,C001,P006,V003,10,65000,0.0,650000.0
TK-10795,2025-06-20,C001,P005,V003,11,58000,0.0,638000.0
TK-10796,2025-05-16,C006,P002,V002,4,16500,0.0,66000.0
TK-10797,2025-08-31,C004,P004,V001,3,13500,0.0,40500.0
TK-10798,2025-02-02,C009,P008,V002,4,98000,0.0,392000.0
TK-10799,2025-05-08,C009,P009,V004,3,6000,0.0,18000.0
TK-10800,2025-06-01,C007,P010,V003,2,15000,0.0,30000.0
TK-10801,2025-10-11,C001,P009,V001,2,6000,0.0,12000.0
TK-10802,2025-09-08,C001,P012,V002,2,8000,0.05,15200.0
TK-10803,2025-10-08,C010,P011,V002,2,18500,0.0,37000.0
TK-10804,2025-05-08,C007,P010,V004,1,15000,0.0,15000.0
TK-10805,2025-05-28,C006,P001,V001,8,15000,0.05,114000.0
TK-10806,2025-07-15,C009,P006,V005,6,65000,0.0,390000.0
TK-10807,2025-09-29,C002,P008,V002,1,98000,0.0,98000.0
TK-10808,2025-03-19,C001,P009,V001,3,6000,0.05,17100.0
TK-10809,2025-11-01,C005,P003,V002,2,28000,0.1,50400.0
TK-10810,2025-08-21,C006,P012,V005,5,8000,0.05,38000.0
TK-10811,2025-10-21,C001,P008,V005,1,98000,0.0,98000.0
TK-10812,2025-01-21,C001,P011,V001,1,18500,0.0,18500.0
TK-10813,2025-12-28,C009,P005,V002,2,58000,0.0,116000.0
TK-10814,2025-07-31,C007,P006,V005,7,65000,0.0,455000.0
TK-10815,2025-04-25,C009,P011,V003,2,18500,0.0,37000.0
TK-10816,2025-11-19,C008,P002,V001,2,16500,0.0,33000.0
TK-10817,2025-07-07,C001,P003,V005,2,28000,0.0,56000.0
TK-10818,2025-04-13,C002,P007,V001,4,12000,0.0,48000.0
TK-10819,2025-03-09,C009,P010,V002,3,15000,0.0,45000.0
TK-10820,2025-11-29,C001,P011,V004,2,18500,0.0,37000.0
TK-10821,2025-04-19,C009,P009,V005,1,6000,0.1,5400.0
TK-10822,2025-10-08,C002,P005,V004,6,58000,0.0,348000.0
TK-10823,2025-12-17,C002,P012,V005,3,8000,0.1,21600.0
TK-10824,2025-04-24,C005,P008,V002,3,98000,0.0,294000.0
TK-10825,2025-07-05,C007,P012,V003,1,8000,0.05,7600.0
TK-10826,2025-05-16,C009,P001,V002,3,15000,0.1,40500.0
TK-10827,2025-01-25,C002,P005,V001,9,58000,0.0,522000.0
TK-10828,2025-11-26,C001,P003,V003,2,28000,0.0,56000.0
TK-10829,2025-04-05,C001,P001,V002,2,15000,0.05,28500.0
TK-10830,2025-06-27,C002,P001,V002,3,15000,0.05,42750.0
TK-10831,2025-04-24,C001,P002,V001,1,16500,0.0,16500.0
TK-10832,2025-10-15,C002,P010,V002,3,15000,0.0,45000.0
TK-10833,2025-08-13,C009,P008,V004,2,98000,0.0,196000.0
TK-10834,2025-10-25,C007,P011,V003,1,18500,0.0,18500.0
TK-10835,2025-05-16,C001,P001,V001,1,15000,0.05,14250.0
TK-10836,2025-10-09,C007,P008,V003,2,98000,0.0,196000.0
TK-10837,2025-09-12,C007,P011,V002,4,18500,0.0,74000.0
TK-10838,2025-05-28,C007,P007,V005,4,12000,0.05,45600.0
TK-10839,2025-05-19,C005,P002,V003,3,16500,0.0,49500.0
TK-10840,2025-01-30,C008,P004,V003,1,13500,0.0,13500.0
TK-10841,2025-02-10,C008,P009,V001,3,6000,0.1,16200.0
TK-10842,2025-11-08,C007,P005,V001,7,58000,0.0,406000.0
TK-10843,2025-08-21,C007,P010,V004,1,15000,0.0,15000.0
TK-10844,2025-06-14,C001,P001,V004,4,15000,0.1,54000.0
TK-10845,2025-02-13,C005,P001,V001,4,15000,0.0,60000.0
TK-10846,2025-11-03,C003,P007,V004,1,12000,0.05,11400.0
TK-10847,2025-09-24,C008,P006,V003,7,65000,0.0,455000.0
TK-10848,2025-04-10,C007,P009,V004,3,6000,0.0,18000.0
TK-10849,2025-03-31,C001,P002,V001,1,16500,0.0,16500.0
TK-10850,2025-06-06,C006,P003,V004,9,28000,0.05,239400.0
TK-10851,2025-02-17,C004,P010,V002,2,15000,0.0,30000.0
TK-10852,2025-02-17,C007,P003,V001,4,28000,0.0,112000.0
TK-10853,2025-11-22,C001,P004,V004,2,13500,0.0,27000.0
TK-10854,2025-07-10,C005,P011,V004,3,18500,0.0,55500.0
TK-10855,2025-12-26,C003,P001,V002,4,15000,0.0,60000.0
TK-10856,2025-01-21,C010,P008,V003,2,98000,0.0,196000.0
TK-10857,2025-08-06,C007,P006,V001,6,65000,0.0,390000.0
TK-10858,2025-08-31,C001,P002,V004,2,16500,0.0,33000.0
TK-10859,2025-01-10,C007,P003,V004,2,28000,0.0,56000.0
TK-10860,2025-09-29,C009,P001,V005,3,15000,0.0,45000.0
TK-10861,2025-10-07,C001,P009,V005,4,6000,0.05,22800.0
TK-10862,2025-06-10,C001,P008,V002,1,98000,0.0,98000.0
TK-10863,2025-08-25,C001,P003,V003,4,28000,0.05,106400.0
TK-10864,2025-03-14,C001,P010,V004,2,15000,0.0,30000.0
TK-10865,2025-07-06,C009,P008,V003,4,98000,0.0,392000.0
TK-10866,2025-08-12,C001,P009,V004,1,6000,0.1,5400.0
TK-10867,2025-08-13,C001,P011,V002,1,18500,0.0,18500.0
TK-10868,2025-05-14,C010,P004,V004,3,13500,0.0,40500.0
TK-10869,2025-09-20,C003,P008,V004,2,98000,0.0,196000.0
TK-10870,2025-08-20,C009,P011,V004,4,18500,0.0,74000.0
TK-10871,2025-03-23,C001,P003,V001,2,28000,0.05,53200.0
TK-10872,2025-12-08,C009,P008,V001,2,98000,0.0,196000.0
TK-10873,2025-05-16,C001,P011,V004,2,18500,0.0,37000.0
TK-10874,2025-07-27,C008,P009,V001,2,6000,0.05,11400.0
TK-10875,2025-11-02,C007,P011,V004,4,18500,0.0,74000.0
TK-10876,2025-06-30,C001,P008,V004,2,98000,0.0,196000.0
TK-10877,2025-04-11,C005,P010,V005,4,15000,0.0,60000.0
TK-10878,2025-12-26,C005,P005,V004,8,58000,0.0,464000.0
TK-10879,2025-06-26,C002,P010,V003,3,15000,0.0,45000.0
TK-10880,2025-03-06,C005,P005,V004,6,58000,0.0,348000.0
TK-10881,2025-08-29,C010,P009,V005,3,6000,0.05,17100.0
TK-10882,2025-10-24,C007,P006,V001,3,65000,0.0,195000.0
TK-10883,2025-06-28,C004,P011,V005,3,18500,0.0,55500.0
TK-10884,2025-12-22,C002,P009,V005,4,6000,0.05,22800.0
TK-10885,2025-02-03,C002,P001,V003,2,15000,0.1,27000.0
TK-10886,2025-12-16,C001,P006,V005,1,65000,0.0,65000.0
TK-10887,2025-08-02,C008,P001,V001,3,15000,0.0,45000.0
TK-10888,2025-07-09,C002,P012,V002,3,8000,0.0,24000.0
TK-10889,2025-02-02,C009,P003,V004,1,28000,0.0,28000.0
TK-10890,2025-09-04,C005,P002,V001,3,16500,0.0,49500.0
TK-10891,2025-12-23,C007,P004,V001,2,13500,0.0,27000.0
TK-10892,2025-02-03,C001,P001,V002,3,15000,0.05,42750.0
TK-10893,2025-01-16,C002,P009,V005,1,6000,0.0,6000.0
TK-10894,2025-04-10,C002,P008,V002,3,98000,0.0,294000.0
TK-10895,2025-06-04,C002,P003,V004,4,28000,0.05,106400.0
TK-10896,2025-03-23,C009,P008,V001,4,98000,0.0,392000.0
TK-10897,2025-03-01,C007,P011,V001,2,18500,0.0,37000.0
TK-10898,2025-04-19,C010,P011,V002,1,18500,0.0,18500.0
TK-10899,2025-07-25,C007,P001,V002,3,15000,0.05,42750.0
TK-10900,2025-02-11,C007,P007,V003,3,12000,0.05,34200.0
TK-10901,2025-04-25,C001,P011,V003,4,18500,0.0,74000.0
TK-10902,2025-04-01,C003,P001,V001,4,15000,0.1,54000.0
TK-10903,2025-03-11,C005,P007,V002,1,12000,0.0,12000.0
TK-10904,2025-12-31,C007,P011,V004,2,18500,0.0,37000.0
TK-10905,2025-02-15,C003,P010,V002,4,15000,0.0,60000.0
TK-10906,2025-09-23,C008,P005,V004,6,58000,0.0,348000.0
TK-10907,2025-09-11,C001,P005,V001,8,58000,0.0,464000.0
TK-10908,2025-11-12,C007,P002,V003,1,16500,0.0,16500.0
TK-10909,2025-12-19,C006,P007,V002,9,12000,0.1,97200.0
TK-10910,2025-11-27,C007,P003,V001,3,28000,0.0,84000.0
TK-10911,2025-09-05,C001,P001,V002,3,15000,0.1,40500.0
TK-10912,2025-02-13,C007,P004,V003,3,13500,0.0,40500.0
TK-10913,2025-06-24,C001,P008,V003,4,98000,0.0,392000.0
TK-10914,2025-05-28,C004,P012,V005,3,8000,0.05,22800.0
TK-10915,2025-09-23,C002,P009,V003,4,6000,0.0,24000.0
TK-10916,2025-10-14,C001,P008,V001,1,98000,0.0,98000.0
TK-10917,2025-08-30,C005,P010,V004,4,15000,0.0,60000.0
TK-10918,2025-08-01,C001,P009,V003,3,6000,0.1,16200.0
TK-10919,2025-08-08,C004,P005,V004,11,58000,0.0,638000.0
TK-10920,2025-01-13,C008,P003,V002,3,28000,0.0,84000.0
TK-10921,2025-10-23,C001,P011,V002,3,18500,0.0,55500.0
TK-10922,2025-11-03,C005,P009,V005,2,6000,0.0,12000.0
TK-10923,2025-07-24,C010,P005,V004,10,58000,0.0,580000.0
TK-10924,2025-11-16,C003,P008,V002,4,98000,0.0,392000.0
TK-10925,2025-01-18,C002,P012,V003,4,8000,0.05,30400.0
TK-10926,2025-05-29,C001,P009,V005,4,6000,0.1,21600.0
TK-10927,2025-12-31,C004,P011,V002,3,18500,0.0,55500.0
TK-10928,2025-12-10,C001,P012,V005,3,8000,0.05,22800.0
TK-10929,2025-01-05,C002,P002,V002,4,16500,0.0,66000.0
TK-10930,2025-08-11,C010,P005,V003,10,58000,0.0,580000.0
TK-10931,2025-06-19,C001,P005,V001,6,58000,0.0,348000.0
TK-10932,2025-06-10,C009,P005,V002,4,58000,0.0,232000.0
TK-10933,2025-02-06,C002,P006,V002,5,65000,0.0,325000.0
TK-10934,2025-02-25,C007,P007,V002,1,12000,0.1,10800.0
TK-10935,2025-05-26,C007,P010,V004,4,15000,0.0,60000.0
TK-10936,2025-03-13,C001,P008,V003,4,98000,0.0,392000.0
TK-10937,2025-03-19,C001,P011,V001,4,18500,0.0,74000.0
TK-10938,2025-02-14,C007,P005,V001,5,58000,0.0,290000.0
TK-10939,2025-09-22,C003,P012,V005,1,8000,0.1,7200.0
TK-10940,2025-04-01,C009,P009,V002,4,6000,0.05,22800.0
TK-10941,2025-11-26,C009,P010,V002,4,15000,0.0,60000.0
TK-10942,2025-01-23,C006,P005,V003,10,58000,0.0,580000.0
TK-10943,2025-08-09,C007,P002,V002,4,16500,0.0,66000.0
TK-10944,2025-10-03,C007,P012,V002,4,8000,0.0,32000.0
TK-10945,2025-04-28,C004,P006,V002,5,65000,0.0,325000.0
TK-10946,2025-09-22,C010,P009,V002,1,6000,0.0,6000.0
TK-10947,2025-02-09,C007,P002,V001,1,16500,0.0,16500.0
TK-10948,2025-10-21,C003,P006,V005,8,65000,0.0,520000.0
TK-10949,2025-10-24,C001,P011,V002,4,18500,0.0,74000.0
TK-10950,2025-12-26,C008,P011,V004,3,18500,0.0,55500.0
TK-10951,2025-09-08,C001,P010,V002,3,15000,0.0,45000.0
TK-10952,2025-10-16,C003,P002,V004,4,16500,0.0,66000.0
TK-10953,2025-05-04,C003,P005,V005,4,58000,0.0,232000.0
TK-10954,2025-07-31,C010,P002,V003,1,16500,0.0,16500.0
TK-10955,2025-02-13,C001,P011,V004,1,18500,0.0,18500.0
TK-10956,2025-12-30,C008,P011,V002,4,18500,0.0,74000.0
TK-10957,2025-09-18,C009,P009,V002,1,6000,0.1,5400.0
TK-10958,2025-07-23,C007,P003,V004,1,28000,0.1,25200.0
TK-10959,2025-12-13,C001,P004,V004,3,13500,0.0,40500.0
TK-10960,2025-08-08,C001,P009,V001,2,6000,0.0,12000.0
TK-10961,2025-08-15,C008,P010,V002,1,15000,0.0,15000.0
TK-10962,2025-10-24,C001,P001,V001,2,15000,0.05,28500.0
TK-10963,2025-04-16,C007,P007,V002,4,12000,0.05,45600.0
TK-10964,2025-08-19,C004,P007,V001,3,12000,0.05,34200.0
TK-10965,2025-11-20,C006,P006,V002,10,65000,0.0,650000.0
TK-10966,2025-08-25,C001,P005,V003,1,58000,0.0,58000.0
TK-10967,2025-05-17,C005,P003,V002,1,28000,0.0,28000.0
TK-10968,2025-04-20,C003,P001,V002,1,15000,0.0,15000.0
TK-10969,2025-04-19,C001,P006,V004,10,65000,0.0,650000.0
TK-10970,2025-01-24,C001,P004,V004,2,13500,0.0,27000.0
TK-10971,2025-04-16,C004,P009,V004,1,6000,0.1,5400.0
TK-10972,2025-12-24,C002,P012,V004,3,8000,0.1,21600.0
TK-10973,2025-05-15,C007,P012,V002,4,8000,0.0,32000.0
TK-10974,2025-07-28,C004,P006,V002,1,65000,0.0,65000.0
TK-10975,2025-01-08,C001,P007,V005,2,12000,0.1,21600.0
TK-10976,2025-12-11,C007,P012,V003,4,8000,0.1,28800.0
TK-10977,2025-06-26,C009,P003,V001,3,28000,0.0,84000.0
TK-10978,2025-06-16,C003,P001,V003,4,15000,0.0,60000.0
TK-10979,2025-06-14,C001,P002,V005,1,16500,0.0,16500.0
TK-10980,2025-04-10,C002,P001,V004,1,15000,0.0,15000.0
TK-10981,2025-01-23,C001,P003,V003,4,28000,0.1,100800.0
TK-10982,2025-02-14,C001,P012,V003,2,8000,0.0,16000.0
TK-10983,2025-11-30,C001,P005,V003,1,58000,0.0,58000.0
TK-10984,2025-08-04,C006,P006,V003,2,65000,0.0,130000.0
TK-10985,2025-08-28,C002,P007,V002,1,12000,0.05,11400.0
TK-10986,2025-12-14,C004,P004,V004,4,13500,0.0,54000.0
TK-10987,2025-09-24,C002,P007,V005,2,12000,0.05,22800.0
TK-10988,2025-11-14,C005,P011,V001,4,18500,0.0,74000.0
TK-10989,2025-11-09,C002,P011,V003,2,18500,0.0,37000.0
TK-10990,2025-08-12,C006,P007,V001,1,12000,0.0,12000.0
TK-10991,2025-08-18,C002,P002,V001,2,16500,0.0,33000.0
TK-10992,2025-07-15,C004,P008,V003,4,98000,0.0,392000.0
TK-10993,2025-03-07,C002,P010,V003,3,15000,0.0,45000.0
TK-10994,2025-11-26,C001,P004,V001,1,13500,0.0,13500.0
TK-10995,2025-06-07,C004,P010,V003,1,15000,0.0,15000.0
TK-10996,2025-03-28,C001,P009,V004,1,6000,0.1,5400.0
TK-10997,2025-09-23,C001,P005,V003,10,58000,0.0,580000.0
TK-10998,2025-11-05,C002,P004,V001,4,13500,0.0,54000.0
TK-10999,2025-10-29,C001,P001,V001,1,15000,0.05,14250.0
TK-11000,2025-04-17,C007,P009,V005,2,6000,0.1,10800.0
TK-11001,2025-10-07,C004,P009,V002,1,6000,0.05,5700.0
TK-11002,2025-10-17,C007,P003,V004,3,28000,0.0,84000.0
TK-11003,2025-11-11,C004,P010,V004,1,15000,0.0,15000.0
TK-11004,2025-06-08,C007,P008,V003,3,98000,0.0,294000.0
TK-11005,2025-01-19,C002,P010,V003,2,15000,0.0,30000.0
TK-11006,2025-08-02,C001,P010,V001,4,15000,0.0,60000.0
TK-11007,2025-08-10,C001,P001,V004,3,15000,0.0,45000.0
TK-11008,2025-05-07,C001,P006,V002,9,65000,0.0,585000.0
TK-11009,2025-12-13,C008,P001,V003,4,15000,0.0,60000.0
TK-11010,2025-11-03,C002,P007,V005,4,12000,0.0,48000.0
TK-11011,2025-12-14,C003,P003,V002,1,28000,0.05,26600.0
TK-11012,2025-01-17,C001,P011,V005,2,18500,0.0,37000.0
TK-11013,2025-11-09,C010,P006,V003,7,65000,0.0,455000.0
TK-11014,2025-06-13,C001,P001,V001,3,15000,0.0,45000.0
TK-11015,2025-08-17,C001,P004,V002,2,13500,0.0,27000.0
TK-11016,2025-02-24,C009,P006,V005,1,65000,0.0,65000.0
TK-11017,2025-05-30,C001,P012,V002,1,8000,0.1,7200.0
TK-11018,2025-11-02,C001,P004,V003,3,13500,0.0,40500.0
TK-11019,2025-11-22,C004,P009,V002,4,6000,0.1,21600.0
TK-11020,2025-06-22,C010,P004,V004,2,13500,0.0,27000.0
TK-11021,2025-02-13,C009,P003,V003,2,28000,0.0,56000.0
TK-11022,2025-05-31,C007,P009,V003,1,6000,0.1,5400.0
TK-11023,2025-06-30,C008,P008,V002,3,98000,0.0,294000.0
TK-11024,2025-12-09,C007,P004,V003,4,13500,0.0,54000.0
TK-11025,2025-03-15,C007,P006,V002,5,65000,0.0,325000.0
TK-11026,2025-04-04,C004,P009,V005,2,6000,0.1,10800.0
TK-11027,2025-06-11,C001,P012,V002,2,8000,0.05,15200.0
TK-11028,2025-04-14,C001,P009,V003,3,6000,0.0,18000.0
TK-11029,2025-11-09,C006,P009,V002,6,6000,0.0,36000.0
TK-11030,2025-04-17,C001,P007,V004,3,12000,0.05,34200.0
TK-11031,2025-10-12,C005,P004,V003,2,13500,0.0,27000.0
TK-11032,2025-07-27,C003,P004,V005,1,13500,0.0,13500.0
TK-11033,2025-04-02,C005,P009,V004,3,6000,0.05,17100.0
TK-11034,2025-01-09,C005,P005,V005,9,58000,0.0,522000.0
TK-11035,2025-01-04,C001,P009,V004,3,6000,0.05,17100.0
TK-11036,2025-01-23,C005,P006,V002,8,65000,0.0,520000.0
TK-11037,2025-11-25,C006,P011,V004,8,18500,0.0,148000.0
TK-11038,2025-08-19,C004,P011,V001,1,18500,0.0,18500.0
TK-11039,2025-11-27,C003,P008,V001,2,98000,0.0,196000.0
TK-11040,2025-09-22,C001,P003,V004,4,28000,0.05,106400.0
TK-11041,2025-08-22,C006,P005,V001,5,58000,0.0,290000.0
TK-11042,2025-08-03,C005,P005,V004,5,58000,0.0,290000.0
TK-11043,2025-04-24,C001,P003,V003,4,28000,0.0,112000.0
TK-11044,2025-04-16,C006,P003,V003,12,28000,0.1,302400.0
TK-11045,2025-01-21,C006,P007,V004,7,12000,0.05,79800.0
TK-11046,2025-06-19,C010,P004,V005,4,13500,0.0,54000.0
TK-11047,2025-03-06,C008,P004,V001,2,13500,0.0,27000.0
TK-11048,2025-03-01,C004,P012,V004,1,8000,0.0,8000.0
TK-11049,2025-01-01,C001,P001,V001,4,15000,0.1,54000.0
TK-11050,2025-04-09,C007,P006,V001,11,65000,0.0,715000.0
TK-11051,2025-05-21,C001,P001,V005,4,15000,0.05,57000.0
TK-11052,2025-12-02,C003,P011,V005,1,18500,0.0,18500.0
TK-11053,2025-02-21,C009,P010,V004,2,15000,0.0,30000.0
TK-11054,2025-09-03,C009,P007,V002,1,12000,0.05,11400.0
TK-11055,2025-05-30,C002,P008,V001,4,98000,0.0,392000.0
TK-11056,2025-08-14,C004,P003,V001,1,28000,0.1,25200.0
TK-11057,2025-01-21,C008,P012,V001,2,8000,0.0,16000.0
TK-11058,2025-06-06,C001,P005,V003,2,58000,0.0,116000.0
TK-11059,2025-10-14,C009,P004,V003,1,13500,0.0,13500.0
TK-11060,2025-04-27,C010,P010,V001,3,15000,0.0,45000.0
TK-11061,2025-04-15,C010,P001,V003,2,15000,0.0,30000.0
TK-11062,2025-01-23,C010,P005,V004,12,58000,0.0,696000.0
TK-11063,2025-08-15,C008,P006,V003,11,65000,0.0,715000.0
TK-11064,2025-05-03,C007,P007,V001,2,12000,0.0,24000.0
TK-11065,2025-01-04,C007,P001,V002,1,15000,0.0,15000.0
TK-11066,2025-02-18,C004,P003,V003,2,28000,0.0,56000.0
TK-11067,2025-03-20,C001,P007,V002,3,12000,0.0,36000.0
TK-11068,2025-12-27,C003,P008,V002,4,98000,0.0,392000.0
TK-11069,2025-06-30,C001,P002,V001,3,16500,0.0,49500.0
TK-11070,2025-10-22,C010,P012,V001,1,8000,0.1,7200.0
TK-11071,2025-05-10,C001,P004,V002,1,13500,0.0,13500.0
TK-11072,2025-12-02,C002,P005,V002,7,58000,0.0,406000.0
TK-11073,2025-02-25,C001,P002,V005,4,16500,0.0,66000.0
TK-11074,2025-10-21,C007,P007,V005,3,12000,0.05,34200.0
TK-11075,2025-12-26,C001,P002,V002,2,16500,0.0,33000.0
TK-11076,2025-07-04,C001,P006,V005,5,65000,0.0,325000.0
TK-11077,2025-05-26,C007,P005,V004,7,58000,0.0,406000.0
TK-11078,2025-10-31,C008,P002,V001,4,16500,0.0,66000.0
TK-11079,2025-09-02,C008,P004,V002,2,13500,0.0,27000.0
TK-11080,2025-01-20,C004,P006,V004,8,65000,0.0,520000.0
TK-11081,2025-11-23,C008,P004,V003,1,13500,0.0,13500.0
TK-11082,2025-10-24,C007,P005,V005,12,58000,0.0,696000.0
TK-11083,2025-08-14,C007,P011,V002,1,18500,0.0,18500.0
TK-11084,2025-10-31,C010,P004,V003,3,13500,0.0,40500.0
TK-11085,2025-04-06,C003,P011,V001,3,18500,0.0,55500.0
TK-11086,2025-06-19,C003,P003,V004,4,28000,0.1,100800.0
TK-11087,2025-05-28,C001,P004,V005,4,13500,0.0,54000.0
TK-11088,2025-06-17,C001,P008,V004,3,98000,0.0,294000.0
TK-11089,2025-10-14,C002,P009,V004,2,6000,0.0,12000.0
TK-11090,2025-09-06,C002,P005,V001,2,58000,0.0,116000.0
TK-11091,2025-04-15,C004,P008,V003,2,98000,0.0,196000.0
TK-11092,2025-11-11,C009,P004,V001,2,13500,0.0,27000.0
TK-11093,2025-12-05,C002,P008,V003,3,98000,0.0,294000.0
TK-11094,2025-08-04,C001,P009,V005,2,6000,0.05,11400.0
TK-11095,2025-09-26,C010,P007,V003,3,12000,0.1,32400.0
TK-11096,2025-01-16,C001,P011,V002,1,18500,0.0,18500.0
TK-11097,2025-05-18,C003,P011,V001,3,18500,0.0,55500.0
TK-11098,2025-08-06,C002,P009,V005,1,6000,0.1,5400.0
TK-11099,2025-01-11,C001,P010,V005,4,15000,0.0,60000.0
TK-11100,2025-03-06,C002,P006,V001,8,65000,0.0,520000.0
TK-11101,2025-12-03,C005,P007,V005,2,12000,0.05,22800.0
TK-11102,2025-08-02,C001,P004,V002,4,13500,0.0,54000.0
TK-11103,2025-01-15,C001,P006,V002,12,65000,0.0,780000.0
TK-11104,2025-01-26,C004,P010,V005,1,15000,0.0,15000.0
TK-11105,2025-10-22,C009,P007,V005,2,12000,0.1,21600.0
TK-11106,2025-01-21,C001,P010,V004,2,15000,0.0,30000.0
TK-11107,2025-10-26,C004,P008,V002,2,98000,0.0,196000.0
TK-11108,2025-03-17,C003,P007,V004,2,12000,0.1,21600.0
TK-11109,2025-03-31,C001,P001,V001,3,15000,0.1,40500.0
TK-11110,2025-12-21,C009,P005,V003,12,58000,0.0,696000.0
TK-11111,2025-07-15,C001,P010,V005,4,15000,0.0,60000.0
TK-11112,2025-03-08,C003,P008,V004,3,98000,0.0,294000.0
TK-11113,2025-02-22,C009,P006,V003,10,65000,0.0,650000.0
TK-11114,2025-05-06,C002,P012,V005,1,8000,0.05,7600.0
TK-11115,2025-03-12,C002,P006,V001,8,65000,0.0,520000.0
TK-11116,2025-08-30,C001,P002,V003,2,16500,0.0,33000.0
TK-11117,2025-11-12,C002,P009,V005,3,6000,0.05,17100.0
TK-11118,2025-12-01,C010,P009,V001,3,6000,0.1,16200.0
TK-11119,2025-12-08,C009,P012,V004,1,8000,0.1,7200.0
TK-11120,2025-06-23,C002,P001,V002,1,15000,0.05,14250.0
TK-11121,2025-12-27,C004,P002,V001,2,16500,0.0,33000.0
TK-11122,2025-06-02,C007,P010,V002,3,15000,0.0,45000.0
TK-11123,2025-07-04,C009,P004,V004,2,13500,0.0,27000.0
TK-11124,2025-09-07,C005,P006,V004,7,65000,0.0,455000.0
TK-11125,2025-11-02,C009,P003,V001,1,28000,0.05,26600.0
TK-11126,2025-04-02,C007,P003,V001,4,28000,0.05,106400.0
TK-11127,2025-05-28,C010,P012,V002,1,8000,0.0,8000.0
TK-11128,2025-05-11,C007,P012,V003,4,8000,0.1,28800.0
TK-11129,2025-04-20,C009,P003,V001,3,28000,0.0,84000.0
TK-11130,2025-10-09,C001,P008,V002,3,98000,0.0,294000.0
TK-11131,2025-05-16,C003,P004,V005,3,13500,0.0,40500.0
TK-11132,2025-01-04,C003,P003,V005,3,28000,0.0,84000.0
TK-11133,2025-12-19,C001,P012,V003,2,8000,0.0,16000.0
TK-11134,2025-12-03,C001,P004,V002,2,13500,0.0,27000.0
TK-11135,2025-03-29,C008,P011,V005,4,18500,0.0,74000.0
TK-11136,2025-05-01,C005,P002,V001,2,16500,0.0,33000.0
TK-11137,2025-12-29,C002,P008,V004,3,98000,0.0,294000.0
TK-11138,2025-04-13,C008,P006,V005,12,65000,0.0,780000.0
TK-11139,2025-03-17,C006,P003,V001,12,28000,0.1,302400.0
TK-11140,2025-07-25,C001,P006,V003,8,65000,0.0,520000.0
TK-11141,2025-02-07,C007,P011,V001,2,18500,0.0,37000.0
TK-11142,2025-08-08,C008,P007,V003,3,12000,0.0,36000.0
TK-11143,2025-06-11,C004,P005,V004,3,58000,0.0,174000.0
TK-11144,2025-12-30,C001,P006,V002,11,65000,0.0,715000.0
TK-11145,2025-11-04,C010,P001,V001,4,15000,0.05,57000.0
TK-11146,2025-04-26,C009,P009,V002,1,6000,0.0,6000.0
TK-11147,2025-11-07,C008,P005,V003,12,58000,0.0,696000.0
TK-11148,2025-06-20,C003,P008,V002,1,98000,0.0,98000.0
TK-11149,2025-04-24,C001,P006,V004,11,65000,0.0,715000.0
TK-11150,2025-10-27,C002,P010,V002,4,15000,0.0,60000.0
TK-11151,2025-11-13,C004,P011,V002,2,18500,0.0,37000.0
TK-11152,2025-07-14,C005,P012,V003,1,8000,0.1,7200.0
TK-11153,2025-01-15,C001,P004,V004,2,13500,0.0,27000.0
TK-11154,2025-06-24,C005,P009,V003,3,6000,0.0,18000.0
TK-11155,2025-05-03,C001,P009,V004,1,6000,0.0,6000.0
TK-11156,2025-06-01,C001,P011,V004,3,18500,0.0,55500.0
TK-11157,2025-04-13,C004,P005,V005,10,58000,0.0,580000.0
TK-11158,2025-11-29,C006,P012,V001,4,8000,0.0,32000.0
TK-11159,2025-03-18,C009,P009,V005,4,6000,0.1,21600.0
TK-11160,2025-06-19,C002,P001,V003,4,15000,0.0,60000.0
TK-11161,2025-10-21,C005,P003,V005,1,28000,0.1,25200.0
TK-11162,2025-02-09,C009,P008,V002,4,98000,0.0,392000.0
TK-11163,2025-09-09,C005,P011,V001,4,18500,0.0,74000.0
TK-11164,2025-03-27,C007,P011,V001,1,18500,0.0,18500.0
TK-11165,2025-06-20,C009,P010,V003,2,15000,0.0,30000.0
TK-11166,2025-03-26,C006,P012,V004,7,8000,0.1,50400.0
TK-11167,2025-05-29,C001,P005,V004,1,58000,0.0,58000.0
TK-11168,2025-12-05,C001,P010,V005,1,15000,0.0,15000.0
TK-11169,2025-05-24,C007,P009,V004,1,6000,0.1,5400.0
TK-11170,2025-02-27,C001,P011,V004,2,18500,0.0,37000.0
TK-11171,2025-06-05,C010,P003,V004,2,28000,0.05,53200.0
TK-11172,2025-01-29,C001,P002,V005,3,16500,0.0,49500.0
TK-11173,2025-08-06,C001,P010,V002,1,15000,0.0,15000.0
TK-11174,2025-05-07,C010,P004,V003,3,13500,0.0,40500.0
TK-11175,2025-05-06,C004,P003,V002,4,28000,0.05,106400.0
TK-11176,2025-03-16,C005,P001,V005,1,15000,0.1,13500.0
TK-11177,2025-04-23,C006,P010,V002,6,15000,0.0,90000.0
TK-11178,2025-06-08,C009,P003,V002,1,28000,0.05,26600.0
TK-11179,2025-12-20,C001,P005,V003,7,58000,0.0,406000.0
TK-11180,2025-03-27,C001,P001,V003,4,15000,0.1,54000.0
TK-11181,2025-12-12,C003,P005,V003,5,58000,0.0,290000.0
TK-11182,2025-08-07,C009,P003,V004,1,28000,0.05,26600.0
TK-11183,2025-06-26,C003,P003,V004,2,28000,0.05,53200.0
TK-11184,2025-01-27,C010,P004,V005,1,13500,0.0,13500.0
TK-11185,2025-01-07,C009,P007,V005,3,12000,0.0,36000.0
TK-11186,2025-04-12,C009,P005,V002,9,58000,0.0,522000.0
TK-11187,2025-10-13,C009,P008,V002,4,98000,0.0,392000.0
TK-11188,2025-06-08,C004,P002,V003,4,16500,0.0,66000.0
TK-11189,2025-07-23,C010,P007,V001,4,12000,0.05,45600.0
TK-11190,2025-12-08,C001,P002,V003,1,16500,0.0,16500.0
TK-11191,2025-02-14,C001,P009,V005,4,6000,0.05,22800.0
TK-11192,2025-12-01,C006,P012,V002,3,8000,0.05,22800.0
TK-11193,2025-03-19,C002,P001,V003,3,15000,0.05,42750.0
TK-11194,2025-02-21,C003,P002,V003,1,16500,0.0,16500.0
TK-11195,2025-11-27,C007,P007,V005,4,12000,0.0,48000.0
TK-11196,2025-09-19,C008,P005,V002,6,58000,0.0,348000.0
TK-11197,2025-12-08,C007,P002,V001,1,16500,0.0,16500.0
TK-11198,2025-09-07,C007,P006,V003,4,65000,0.0,260000.0
TK-11199,2025-07-25,C004,P003,V005,1,28000,0.0,28000.0
TK-11200,2025-01-09,C002,P006,V005,12,65000,0.0,780000.0
TK-11201,2025-10-01,C001,P009,V002,2,6000,0.0,12000.0
TK-11202,2025-06-12,C007,P009,V002,4,6000,0.1,21600.0
TK-11203,2025-08-25,C001,P012,V005,2,8000,0.05,15200.0
TK-11204,2025-06-07,C010,P005,V004,6,58000,0.0,348000.0
TK-11205,2025-06-18,C003,P008,V003,2,98000,0.0,196000.0
TK-11206,2025-01-08,C001,P010,V004,3,15000,0.0,45000.0
TK-11207,2025-09-14,C005,P005,V005,7,58000,0.0,406000.0
TK-11208,2025-05-24,C009,P010,V001,1,15000,0.0,15000.0
TK-11209,2025-06-09,C006,P008,V005,6,98000,0.0,588000.0
TK-11210,2025-04-18,C005,P008,V001,1,98000,0.0,98000.0
TK-11211,2025-10-09,C001,P004,V003,4,13500,0.0,54000.0
TK-11212,2025-11-18,C005,P002,V001,4,16500,0.0,66000.0
TK-11213,2025-07-26,C001,P011,V003,1,18500,0.0,18500.0
TK-11214,2025-02-23,C009,P004,V003,2,13500,0.0,27000.0
TK-11215,2025-08-28,C005,P009,V001,3,6000,0.1,16200.0
TK-11216,2025-09-16,C001,P009,V005,3,6000,0.0,18000.0
TK-11217,2025-06-13,C001,P006,V001,9,65000,0.0,585000.0
TK-11218,2025-08-22,C001,P006,V005,4,65000,0.0,260000.0
TK-11219,2025-12-25,C005,P001,V003,2,15000,0.05,28500.0
TK-11220,2025-07-18,C001,P011,V004,1,18500,0.0,18500.0
TK-11221,2025-11-23,C005,P010,V004,4,15000,0.0,60000.0
TK-11222,2025-06-02,C010,P001,V003,2,15000,0.0,30000.0
TK-11223,2025-06-03,C009,P010,V004,4,15000,0.0,60000.0
TK-11224,2025-08-07,C003,P005,V004,6,58000,0.0,348000.0
TK-11225,2025-08-13,C009,P011,V001,3,18500,0.0,55500.0
TK-11226,2025-06-14,C010,P006,V005,5,65000,0.0,325000.0
TK-11227,2025-08-17,C007,P003,V001,1,28000,0.1,25200.0
TK-11228,2025-02-17,C001,P010,V003,2,15000,0.0,30000.0
TK-11229,2025-07-05,C005,P010,V004,2,15000,0.0,30000.0
TK-11230,2025-09-09,C004,P004,V005,4,13500,0.0,54000.0
TK-11231,2025-06-21,C001,P007,V004,1,12000,0.0,12000.0
TK-11232,2025-11-27,C004,P009,V004,3,6000,0.1,16200.0
TK-11233,2025-02-05,C002,P001,V002,3,15000,0.1,40500.0
TK-11234,2025-01-12,C001,P004,V002,1,13500,0.0,13500.0
TK-11235,2025-12-07,C010,P006,V002,6,65000,0.0,390000.0
TK-11236,2025-08-11,C004,P001,V002,1,15000,0.0,15000.0
TK-11237,2025-05-25,C010,P011,V004,2,18500,0.0,37000.0
TK-11238,2025-05-06,C005,P004,V002,2,13500,0.0,27000.0
TK-11239,2025-01-07,C001,P002,V002,1,16500,0.0,16500.0
TK-11240,2025-08-23,C001,P011,V003,4,18500,0.0,74000.0
TK-11241,2025-06-04,C009,P004,V001,2,13500,0.0,27000.0
TK-11242,2025-11-09,C002,P010,V001,2,15000,0.0,30000.0
TK-11243,2025-12-24,C005,P008,V002,2,98000,0.0,196000.0
TK-11244,2025-04-27,C006,P007,V005,6,12000,0.1,64800.0
TK-11245,2025-09-24,C001,P006,V002,2,65000,0.0,130000.0
TK-11246,2025-11-28,C001,P012,V003,4,8000,0.0,32000.0
TK-11247,2025-08-17,C005,P004,V003,2,13500,0.0,27000.0
TK-11248,2025-08-21,C005,P001,V004,4,15000,0.1,54000.0
TK-11249,2025-05-08,C004,P011,V005,2,18500,0.0,37000.0
TK-11250,2025-04-24,C001,P009,V004,1,6000,0.0,6000.0
TK-11251,2025-11-05,C001,P004,V004,4,13500,0.0,54000.0
TK-11252,2025-02-15,C005,P001,V004,1,15000,0.05,14250.0
TK-11253,2025-02-09,C007,P001,V001,2,15000,0.0,30000.0
TK-11254,2025-05-28,C008,P006,V005,9,65000,0.0,585000.0
TK-11255,2025-10-20,C010,P011,V004,3,18500,0.0,55500.0
TK-11256,2025-06-11,C009,P010,V001,4,15000,0.0,60000.0
TK-11257,2025-05-22,C002,P003,V004,2,28000,0.0,56000.0
TK-11258,2025-05-07,C006,P004,V002,12,13500,0.0,162000.0
TK-11259,2025-07-27,C001,P002,V002,4,16500,0.0,66000.0
TK-11260,2025-03-09,C008,P001,V001,1,15000,0.05,14250.0
TK-11261,2025-02-13,C009,P007,V004,4,12000,0.0,48000.0
TK-11262,2025-12-15,C001,P011,V004,4,18500,0.0,74000.0
TK-11263,2025-09-08,C001,P010,V003,3,15000,0.0,45000.0
TK-11264,2025-04-03,C004,P007,V004,1,12000,0.0,12000.0
TK-11265,2025-08-06,C001,P008,V003,3,98000,0.0,294000.0
TK-11266,2025-11-23,C001,P006,V001,12,65000,0.0,780000.0
TK-11267,2025-04-07,C009,P002,V003,1,16500,0.0,16500.0
TK-11268,2025-12-11,C010,P012,V001,1,8000,0.05,7600.0
TK-11269,2025-12-08,C008,P004,V001,3,13500,0.0,40500.0
TK-11270,2025-10-26,C001,P011,V002,4,18500,0.0,74000.0
TK-11271,2025-12-01,C002,P010,V001,4,15000,0.0,60000.0
TK-11272,2025-10-28,C010,P007,V002,1,12000,0.1,10800.0
TK-11273,2025-02-23,C006,P005,V005,9,58000,0.0,522000.0
TK-11274,2025-07-12,C008,P012,V002,3,8000,0.1,21600.0
TK-11275,2025-06-07,C007,P007,V002,2,12000,0.05,22800.0
TK-11276,2025-11-16,C003,P006,V001,4,65000,0.0,260000.0
TK-11277,2025-02-27,C001,P009,V005,3,6000,0.1,16200.0
TK-11278,2025-02-01,C006,P012,V002,12,8000,0.1,86400.0
TK-11279,2025-11-24,C006,P005,V001,4,58000,0.0,232000.0
TK-11280,2025-09-27,C005,P012,V004,1,8000,0.1,7200.0
TK-11281,2025-10-30,C001,P006,V001,5,65000,0.0,325000.0
TK-11282,2025-01-10,C007,P008,V005,4,98000,0.0,392000.0
TK-11283,2025-03-08,C001,P007,V005,4,12000,0.0,48000.0
TK-11284,2025-08-11,C007,P002,V005,4,16500,0.0,66000.0
TK-11285,2025-10-12,C003,P008,V005,2,98000,0.0,196000.0
TK-11286,2025-10-08,C002,P010,V004,1,15000,0.0,15000.0
TK-11287,2025-08-21,C002,P009,V004,4,6000,0.05,22800.0
TK-11288,2025-09-23,C001,P007,V001,2,12000,0.05,22800.0
TK-11289,2025-07-26,C001,P011,V003,1,18500,0.0,18500.0
TK-11290,2025-05-02,C004,P011,V001,1,18500,0.0,18500.0
TK-11291,2025-06-21,C005,P006,V005,10,65000,0.0,650000.0
TK-11292,2025-06-08,C002,P002,V001,2,16500,0.0,33000.0
TK-11293,2025-02-14,C002,P010,V003,2,15000,0.0,30000.0
TK-11294,2025-04-14,C004,P010,V001,1,15000,0.0,15000.0
TK-11295,2025-03-24,C006,P012,V004,5,8000,0.0,40000.0
TK-11296,2025-05-15,C001,P008,V004,3,98000,0.0,294000.0
TK-11297,2025-11-17,C003,P009,V004,2,6000,0.1,10800.0
TK-11298,2025-09-30,C005,P002,V002,4,16500,0.0,66000.0
TK-11299,2025-05-19,C005,P007,V004,3,12000,0.0,36000.0
TK-11300,2025-01-28,C005,P001,V005,3,15000,0.05,42750.0
TK-11301,2025-09-09,C001,P004,V004,3,13500,0.0,40500.0
TK-11302,2025-04-09,C007,P003,V004,3,28000,0.0,84000.0
TK-11303,2025-11-05,C009,P006,V005,1,65000,0.0,65000.0
TK-11304,2025-04-14,C006,P011,V004,11,18500,0.0,203500.0
TK-11305,2025-10-27,C001,P011,V001,2,18500,0.0,37000.0
TK-11306,2025-04-26,C001,P007,V001,2,12000,0.0,24000.0
TK-11307,2025-01-04,C002,P006,V003,3,65000,0.0,195000.0
TK-11308,2025-08-28,C001,P007,V003,3,12000,0.0,36000.0
TK-11309,2025-02-22,C010,P002,V003,3,16500,0.0,49500.0
TK-11310,2025-01-24,C001,P004,V005,3,13500,0.0,40500.0
TK-11311,2025-05-21,C001,P004,V004,1,13500,0.0,13500.0
TK-11312,2025-01-07,C002,P005,V004,7,58000,0.0,406000.0
TK-11313,2025-07-04,C001,P002,V001,4,16500,0.0,66000.0
TK-11314,2025-04-19,C001,P007,V004,3,12000,0.1,32400.0
TK-11315,2025-02-05,C003,P009,V001,4,6000,0.05,22800.0
TK-11316,2025-01-28,C001,P007,V002,1,12000,0.1,10800.0
TK-11317,2025-12-17,C007,P007,V003,1,12000,0.0,12000.0
TK-11318,2025-01-23,C005,P004,V005,3,13500,0.0,40500.0
TK-11319,2025-02-22,C003,P005,V005,11,58000,0.0,638000.0
TK-11320,2025-09-30,C008,P003,V002,4,28000,0.05,106400.0
TK-11321,2025-10-26,C010,P002,V003,3,16500,0.0,49500.0
TK-11322,2025-01-27,C009,P011,V004,3,18500,0.0,55500.0
TK-11323,2025-01-01,C003,P009,V003,2,6000,0.05,11400.0
TK-11324,2025-04-13,C010,P003,V001,1,28000,0.05,26600.0
TK-11325,2025-04-28,C006,P008,V005,8,98000,0.0,784000.0
TK-11326,2025-01-19,C005,P008,V003,3,98000,0.0,294000.0
TK-11327,2025-05-17,C001,P006,V001,8,65000,0.0,520000.0
TK-11328,2025-05-06,C003,P009,V002,3,6000,0.0,18000.0
TK-11329,2025-09-07,C001,P003,V005,2,28000,0.1,50400.0
TK-11330,2025-08-26,C001,P005,V005,4,58000,0.0,232000.0
TK-11331,2025-02-10,C003,P005,V005,4,58000,0.0,232000.0
TK-11332,2025-11-04,C005,P009,V004,3,6000,0.1,16200.0
TK-11333,2025-03-09,C001,P008,V004,3,98000,0.0,294000.0
TK-11334,2025-05-18,C008,P005,V005,8,58000,0.0,464000.0
TK-11335,2025-11-22,C007,P003,V004,4,28000,0.0,112000.0
TK-11336,2025-09-21,C009,P008,V001,4,98000,0.0,392000.0
TK-11337,2025-07-07,C003,P002,V005,2,16500,0.0,33000.0
TK-11338,2025-09-08,C010,P007,V003,2,12000,0.05,22800.0
TK-11339,2025-05-14,C001,P012,V001,4,8000,0.1,28800.0
TK-11340,2025-06-08,C004,P008,V003,4,98000,0.0,392000.0
TK-11341,2025-05-19,C001,P009,V002,2,6000,0.05,11400.0
TK-11342,2025-10-19,C009,P003,V001,2,28000,0.1,50400.0
TK-11343,2025-04-07,C007,P007,V002,4,12000,0.1,43200.0
TK-11344,2025-02-11,C001,P007,V004,2,12000,0.0,24000.0
TK-11345,2025-07-18,C004,P004,V002,4,13500,0.0,54000.0
TK-11346,2025-08-31,C001,P004,V002,4,13500,0.0,54000.0
TK-11347,2025-02-06,C008,P001,V001,1,15000,0.0,15000.0
TK-11348,2025-09-17,C004,P004,V003,1,13500,0.0,13500.0
TK-11349,2025-08-31,C001,P004,V003,4,13500,0.0,54000.0
TK-11350,2025-09-26,C002,P007,V001,2,12000,0.05,22800.0
TK-11351,2025-08-24,C007,P011,V001,4,18500,0.0,74000.0
TK-11352,2025-08-12,C001,P012,V005,4,8000,0.0,32000.0
TK-11353,2025-10-31,C001,P003,V003,1,28000,0.05,26600.0
TK-11354,2025-05-22,C008,P003,V005,4,28000,0.1,100800.0
TK-11355,2025-03-31,C007,P004,V004,1,13500,0.0,13500.0
TK-11356,2025-06-20,C005,P011,V004,1,18500,0.0,18500.0
TK-11357,2025-10-03,C009,P002,V001,3,16500,0.0,49500.0
TK-11358,2025-01-02,C010,P009,V005,1,6000,0.0,6000.0
TK-11359,2025-03-07,C008,P011,V003,2,18500,0.0,37000.0
TK-11360,2025-07-14,C001,P007,V004,2,12000,0.05,22800.0
TK-11361,2025-06-27,C005,P003,V005,1,28000,0.1,25200.0
TK-11362,2025-03-14,C010,P010,V002,3,15000,0.0,45000.0
TK-11363,2025-07-25,C002,P005,V004,2,58000,0.0,116000.0
TK-11364,2025-08-29,C009,P005,V005,6,58000,0.0,348000.0
TK-11365,2025-06-05,C001,P007,V003,4,12000,0.05,45600.0
TK-11366,2025-04-06,C010,P007,V002,2,12000,0.05,22800.0
TK-11367,2025-11-11,C003,P002,V002,1,16500,0.0,16500.0
TK-11368,2025-05-25,C010,P006,V001,2,65000,0.0,130000.0
TK-11369,2025-01-23,C006,P003,V004,9,28000,0.05,239400.0
TK-11370,2025-09-17,C009,P010,V001,1,15000,0.0,15000.0
TK-11371,2025-03-24,C005,P010,V004,2,15000,0.0,30000.0
TK-11372,2025-02-06,C001,P002,V002,4,16500,0.0,66000.0
TK-11373,2025-09-22,C009,P007,V001,4,12000,0.1,43200.0
TK-11374,2025-12-22,C001,P010,V002,4,15000,0.0,60000.0
TK-11375,2025-11-11,C001,P006,V002,7,65000,0.0,455000.0
TK-11376,2025-05-23,C001,P007,V004,2,12000,0.0,24000.0
TK-11377,2025-05-28,C001,P008,V005,2,98000,0.0,196000.0
TK-11378,2025-01-07,C007,P006,V001,10,65000,0.0,650000.0
TK-11379,2025-02-26,C004,P007,V002,4,12000,0.0,48000.0
TK-11380,2025-02-25,C001,P009,V003,3,6000,0.0,18000.0
TK-11381,2025-04-16,C001,P005,V002,9,58000,0.0,522000.0
TK-11382,2025-09-02,C001,P001,V005,4,15000,0.05,57000.0
TK-11383,2025-04-29,C010,P011,V001,2,18500,0.0,37000.0
TK-11384,2025-12-07,C004,P010,V001,2,15000,0.0,30000.0
TK-11385,2025-05-31,C001,P008,V005,2,98000,0.0,196000.0
TK-11386,2025-03-05,C007,P006,V002,8,65000,0.0,520000.0
TK-11387,2025-02-15,C005,P004,V005,3,13500,0.0,40500.0
TK-11388,2025-11-24,C004,P007,V004,3,12000,0.1,32400.0
TK-11389,2025-08-01,C009,P009,V004,2,6000,0.1,10800.0
TK-11390,2025-07-11,C010,P011,V003,1,18500,0.0,18500.0
TK-11391,2025-11-01,C001,P002,V001,2,16500,0.0,33000.0
TK-11392,2025-04-09,C005,P003,V003,1,28000,0.1,25200.0
TK-11393,2025-05-18,C003,P001,V003,4,15000,0.0,60000.0
TK-11394,2025-06-10,C008,P009,V004,3,6000,0.05,17100.0
TK-11395,2025-06-10,C008,P001,V005,1,15000,0.0,15000.0
TK-11396,2025-08-21,C001,P007,V003,4,12000,0.0,48000.0
TK-11397,2025-12-21,C001,P010,V001,2,15000,0.0,30000.0
TK-11398,2025-07-13,C009,P006,V005,1,65000,0.0,65000.0
TK-11399,2025-11-16,C001,P002,V001,3,16500,0.0,49500.0
TK-11400,2025-05-17,C003,P007,V001,4,12000,0.0,48000.0
TK-11401,2025-12-28,C003,P003,V005,2,28000,0.05,53200.0
TK-11402,2025-01-14,C003,P005,V002,11,58000,0.0,638000.0
TK-11403,2025-04-07,C001,P004,V001,2,13500,0.0,27000.0
TK-11404,2025-09-13,C002,P009,V005,4,6000,0.0,24000.0
TK-11405,2025-07-29,C007,P004,V005,4,13500,0.0,54000.0
TK-11406,2025-09-08,C001,P005,V004,7,58000,0.0,406000.0
TK-11407,2025-09-15,C007,P008,V003,1,98000,0.0,98000.0
TK-11408,2025-09-06,C008,P003,V001,2,28000,0.05,53200.0
TK-11409,2025-09-23,C008,P001,V004,3,15000,0.0,45000.0
TK-11410,2025-05-20,C009,P001,V001,1,15000,0.0,15000.0
TK-11411,2025-04-15,C001,P001,V003,4,15000,0.1,54000.0
TK-11412,2025-07-18,C001,P001,V001,2,15000,0.0,30000.0
TK-11413,2025-11-11,C010,P008,V005,4,98000,0.0,392000.0
TK-11414,2025-01-18,C009,P005,V003,5,58000,0.0,290000.0
TK-11415,2025-10-19,C005,P002,V003,2,16500,0.0,33000.0
TK-11416,2025-02-20,C001,P012,V004,2,8000,0.05,15200.0
TK-11417,2025-04-08,C005,P012,V002,3,8000,0.05,22800.0
TK-11418,2025-06-27,C001,P006,V004,4,65000,0.0,260000.0
TK-11419,2025-07-21,C002,P010,V003,2,15000,0.0,30000.0
TK-11420,2025-02-15,C003,P007,V001,3,12000,0.05,34200.0
TK-11421,2025-12-05,C007,P012,V003,1,8000,0.1,7200.0
TK-11422,2025-02-18,C001,P004,V001,1,13500,0.0,13500.0
TK-11423,2025-04-18,C008,P002,V001,4,16500,0.0,66000.0
TK-11424,2025-05-12,C005,P010,V001,2,15000,0.0,30000.0
TK-11425,2025-01-20,C010,P011,V004,3,18500,0.0,55500.0
TK-11426,2025-03-09,C006,P005,V004,9,58000,0.0,522000.0
TK-11427,2025-03-26,C002,P006,V004,6,65000,0.0,390000.0
TK-11428,2025-07-07,C003,P009,V001,3,6000,0.0,18000.0
TK-11429,2025-06-09,C001,P011,V002,2,18500,0.0,37000.0
TK-11430,2025-02-01,C003,P007,V002,4,12000,0.0,48000.0
TK-11431,2025-05-30,C001,P006,V004,8,65000,0.0,520000.0
TK-11432,2025-04-29,C001,P011,V004,1,18500,0.0,18500.0
TK-11433,2025-02-28,C006,P004,V001,5,13500,0.0,67500.0
TK-11434,2025-03-25,C001,P008,V001,1,98000,0.0,98000.0
TK-11435,2025-09-23,C009,P010,V005,4,15000,0.0,60000.0
TK-11436,2025-01-04,C001,P005,V001,11,58000,0.0,638000.0
TK-11437,2025-01-03,C006,P004,V001,3,13500,0.0,40500.0
TK-11438,2025-11-08,C010,P009,V002,3,6000,0.05,17100.0
TK-11439,2025-03-25,C009,P001,V003,4,15000,0.1,54000.0
TK-11440,2025-01-17,C002,P004,V002,3,13500,0.0,40500.0
TK-11441,2025-05-11,C003,P001,V004,2,15000,0.05,28500.0
TK-11442,2025-12-17,C007,P008,V005,2,98000,0.0,196000.0
TK-11443,2025-12-02,C006,P005,V005,6,58000,0.0,348000.0
TK-11444,2025-09-03,C001,P004,V002,4,13500,0.0,54000.0
TK-11445,2025-06-30,C001,P003,V001,3,28000,0.1,75600.0
TK-11446,2025-07-09,C001,P007,V001,1,12000,0.05,11400.0
TK-11447,2025-05-13,C001,P002,V005,1,16500,0.0,16500.0
TK-11448,2025-10-24,C001,P011,V004,1,18500,0.0,18500.0
TK-11449,2025-01-30,C001,P002,V005,2,16500,0.0,33000.0
TK-11450,2025-01-30,C010,P004,V004,4,13500,0.0,54000.0
TK-11451,2025-10-24,C007,P006,V002,2,65000,0.0,130000.0
TK-11452,2025-05-15,C003,P005,V005,12,58000,0.0,696000.0
TK-11453,2025-07-05,C002,P002,V002,1,16500,0.0,16500.0
TK-11454,2025-01-19,C001,P012,V005,1,8000,0.0,8000.0
TK-11455,2025-06-14,C005,P008,V005,1,98000,0.0,98000.0
TK-11456,2025-02-26,C005,P011,V005,4,18500,0.0,74000.0
TK-11457,2025-08-12,C008,P012,V004,3,8000,0.0,24000.0
TK-11458,2025-06-15,C008,P001,V001,2,15000,0.1,27000.0
TK-11459,2025-04-05,C005,P005,V005,4,58000,0.0,232000.0
TK-11460,2025-05-07,C008,P007,V001,4,12000,0.0,48000.0
TK-11461,2025-06-29,C003,P009,V001,4,6000,0.0,24000.0
TK-11462,2025-12-12,C004,P009,V001,1,6000,0.1,5400.0
TK-11463,2025-03-13,C001,P007,V005,2,12000,0.0,24000.0
TK-11464,2025-09-07,C007,P004,V004,3,13500,0.0,40500.0
TK-11465,2025-04-01,C004,P011,V001,4,18500,0.0,74000.0
TK-11466,2025-11-01,C001,P002,V001,3,16500,0.0,49500.0
TK-11467,2025-03-26,C005,P005,V004,4,58000,0.0,232000.0
TK-11468,2025-05-11,C005,P002,V004,3,16500,0.0,49500.0
TK-11469,2025-12-07,C006,P003,V002,12,28000,0.0,336000.0
TK-11470,2025-09-14,C008,P004,V003,4,13500,0.0,54000.0
TK-11471,2025-04-21,C001,P012,V005,1,8000,0.0,8000.0
TK-11472,2025-10-24,C010,P009,V003,3,6000,0.1,16200.0
TK-11473,2025-10-29,C004,P012,V004,2,8000,0.05,15200.0
TK-11474,2025-09-06,C008,P010,V003,2,15000,0.0,30000.0
TK-11475,2025-05-17,C001,P007,V004,1,12000,0.05,11400.0
TK-11476,2025-11-06,C007,P006,V001,11,65000,0.0,715000.0
TK-11477,2025-01-10,C010,P008,V002,3,98000,0.0,294000.0
TK-11478,2025-09-20,C010,P002,V005,3,16500,0.0,49500.0
TK-11479,2025-06-23,C001,P011,V001,1,18500,0.0,18500.0
TK-11480,2025-12-25,C009,P005,V001,10,58000,0.0,580000.0
TK-11481,2025-02-12,C001,P003,V001,1,28000,0.0,28000.0
TK-11482,2025-04-28,C003,P012,V005,2,8000,0.0,16000.0
TK-11483,2025-03-30,C001,P002,V001,3,16500,0.0,49500.0
TK-11484,2025-04-24,C005,P003,V004,2,28000,0.1,50400.0
TK-11485,2025-07-16,C006,P012,V001,2,8000,0.05,15200.0
TK-11486,2025-05-23,C010,P007,V005,1,12000,0.0,12000.0
TK-11487,2025-09-10,C002,P004,V002,3,13500,0.0,40500.0
TK-11488,2025-07-03,C006,P001,V002,3,15000,0.05,42750.0
TK-11489,2025-05-22,C007,P012,V005,2,8000,0.0,16000.0
TK-11490,2025-10-11,C001,P007,V005,4,12000,0.05,45600.0
TK-11491,2025-11-10,C009,P002,V002,3,16500,0.0,49500.0
TK-11492,2025-07-26,C002,P010,V005,3,15000,0.0,45000.0
TK-11493,2025-03-29,C010,P011,V002,1,18500,0.0,18500.0
TK-11494,2025-08-18,C004,P012,V002,1,8000,0.1,7200.0
TK-11495,2025-01-18,C008,P011,V003,1,18500,0.0,18500.0
TK-11496,2025-11-07,C003,P005,V004,10,58000,0.0,580000.0
TK-11497,2025-11-13,C010,P010,V004,3,15000,0.0,45000.0
TK-11498,2025-05-31,C001,P007,V005,1,12000,0.05,11400.0
TK-11499,2025-02-18,C001,P004,V002,4,13500,0.0,54000.0
